Workbook

Sheet Start Here
B2: The Match Book
B3: TENNIS STATS TRACKER · START HERE
B6: How it works | C6: Log every match on the Match Log tab. The Dashboard, Opponents and monthly charts update by themselves.
B8: Cream cells | C8: These are yours to fill in. Type or pick from the drop-down lists.
B10: Beige cells | C10: These calculate automatically. Please don't type over them.
B12: Sample data | C12: Rows 6–21 of the Match Log hold 16 sample matches so you can see the dashboard working. Select the cream cells in those rows and press Delete to clear them before you start.
B14: During a match | C14: Ask a parent, coach or friend to keep a simple tally on paper or a scoring app, then copy the totals onto your Match Review page in the journal and into this log.
B16: What to count | C16: 1st serves in / attempted, points won on 1st and 2nd serve, break points won / chances, winners, unforced errors and net points won / played. Leave anything you didn't track blank.
B18: Google Sheets | C18: Upload this file to Google Drive, then open it with Google Sheets (File › Save as Google Sheets). Everything works in Excel, Numbers and Google Sheets.
B20: Opponents tab | C20: Type each opponent's name once (exactly as on the Match Log) to see your head-to-head record.
B22: Season Plan tab | C22: List upcoming tournaments and entry deadlines. Days to go counts down automatically.
B26: For personal use only. Thank you for supporting a small studio.

Sheet Dashboard
B2: Season Dashboard
B3: UPDATES AUTOMATICALLY FROM THE MATCH LOG
B6: MATCHES PLAYED | E6: WINS | H6: LOSSES
B7: =COUNT('Match Log'!$B$6:$B$155) -> 16 | E7: =COUNTIF('Match Log'!$G$6:$G$155,"W") -> 12 | H7: =COUNTIF('Match Log'!$G$6:$G$155,"L") -> 4
B9: WIN RATE | E9: SETS WON | H9: SETS LOST
B10: =IF(B7=0,0,E7/B7) -> 0.75 | E10: =SUM('Match Log'!$I$6:$I$155) -> 24 | H10: =SUM('Match Log'!$J$6:$J$155) -> 11
B12: 1ST SERVE IN | E12: 1ST SERVE PTS WON | H12: 2ND SERVE PTS WON
B13: =IF(SUM('Match Log'!$N$6:$N$155)=0,0,SUM('Match Log'!$M$6:$M$155)/SUM('Match Log'!$N$6:$N$155)) -> 0.63414634 | E13: =IF(SUM('Match Log'!$M$6:$M$155)=0,0,SUM('Match Log'!$O$6:$O$155)/SUM('Match Log'!$M$6:$M$155)) -> 0.71538462 | H13: =IF(SUM('Match Log'!$Q$6:$Q$155)=0,0,SUM('Match Log'!$P$6:$P$155)/SUM('Match Log'!$Q$6:$Q$155)) -> 0.544
B15: BREAK PT CONVERSION | E15: NET PTS WON | H15: WINNERS ÷ ERRORS
B16: =IF(SUM('Match Log'!$S$6:$S$155)=0,0,SUM('Match Log'!$R$6:$R$155)/SUM('Match Log'!$S$6:$S$155)) -> 0.41860465 | E16: =IF(SUM('Match Log'!$W$6:$W$155)=0,0,SUM('Match Log'!$V$6:$V$155)/SUM('Match Log'!$W$6:$W$155)) -> 0.66839378 | H16: =IF(SUM('Match Log'!$U$6:$U$155)=0,0,SUM('Match Log'!$T$6:$T$155)/SUM('Match Log'!$U$6:$U$155)) -> 0.93913043
B18: ACES PER MATCH | E18: DOUBLE FAULTS PER MATCH | H18: UNFORCED ERRORS PER MATCH
B19: =IF(COUNT('Match Log'!$K$6:$K$155)=0,0,SUM('Match Log'!$K$6:$K$155)/COUNT('Match Log'!$K$6:$K$155)) -> 4.3125 | E19: =IF(COUNT('Match Log'!$L$6:$L$155)=0,0,SUM('Match Log'!$L$6:$L$155)/COUNT('Match Log'!$L$6:$L$155)) -> 2.9375 | H19: =IF(COUNT('Match Log'!$U$6:$U$155)=0,0,SUM('Match Log'!$U$6:$U$155)/COUNT('Match Log'!$U$6:$U$155)) -> 21.5625
B21: BY SURFACE
B22: Surface | C22: Played | E22: Won | F22: Win rate | H22: 1st serve in | I22: BP conversion
B23: Hard | C23: =COUNTIF('Match Log'!$F$6:$F$155,B23) -> 6 | E23: =COUNTIFS('Match Log'!$F$6:$F$155,B23,'Match Log'!$G$6:$G$155,"W") -> 5 | F23: =IF(C23=0,0,E23/C23) -> 0.83333333 | H23: =IF(SUMIF('Match Log'!$F$6:$F$155,B23,'Match Log'!$N$6:$N$155)=0,0,SUMIF('Match Log'!$F$6:$F$155,B23,'Match Log'!$M$6:$M$155)/SUMIF('Match Log'!$F$6:$F$155,B23,'Match Log'!$N$6:$N$155)) -> 0.62533693 | I23: =IF(SUMIF('Match Log'!$F$6:$F$155,B23,'Match Log'!$S$6:$S$155)=0,0,SUMIF('Match Log'!$F$6:$F$155,B23,'Match Log'!$R$6:$R$155)/SUMIF('Match Log'!$F$6:$F$155,B23,'Match Log'!$S$6:$S$155)) -> 0.48
B24: Clay | C24: =COUNTIF('Match Log'!$F$6:$F$155,B24) -> 5 | E24: =COUNTIFS('Match Log'!$F$6:$F$155,B24,'Match Log'!$G$6:$G$155,"W") -> 3 | F24: =IF(C24=0,0,E24/C24) -> 0.6 | H24: =IF(SUMIF('Match Log'!$F$6:$F$155,B24,'Match Log'!$N$6:$N$155)=0,0,SUMIF('Match Log'!$F$6:$F$155,B24,'Match Log'!$M$6:$M$155)/SUMIF('Match Log'!$F$6:$F$155,B24,'Match Log'!$N$6:$N$155)) -> 0.62571429 | I24: =IF(SUMIF('Match Log'!$F$6:$F$155,B24,'Match Log'!$S$6:$S$155)=0,0,SUMIF('Match Log'!$F$6:$F$155,B24,'Match Log'!$R$6:$R$155)/SUMIF('Match Log'!$F$6:$F$155,B24,'Match Log'!$S$6:$S$155)) -> 0.36734694
B25: Grass | C25: =COUNTIF('Match Log'!$F$6:$F$155,B25) -> 3 | E25: =COUNTIFS('Match Log'!$F$6:$F$155,B25,'Match Log'!$G$6:$G$155,"W") -> 2 | F25: =IF(C25=0,0,E25/C25) -> 0.66666667 | H25: =IF(SUMIF('Match Log'!$F$6:$F$155,B25,'Match Log'!$N$6:$N$155)=0,0,SUMIF('Match Log'!$F$6:$F$155,B25,'Match Log'!$M$6:$M$155)/SUMIF('Match Log'!$F$6:$F$155,B25,'Match Log'!$N$6:$N$155)) -> 0.64516129 | I25: =IF(SUMIF('Match Log'!$F$6:$F$155,B25,'Match Log'!$S$6:$S$155)=0,0,SUMIF('Match Log'!$F$6:$F$155,B25,'Match Log'!$R$6:$R$155)/SUMIF('Match Log'!$F$6:$F$155,B25,'Match Log'!$S$6:$S$155)) -> 0.33333333
B26: Indoor | C26: =COUNTIF('Match Log'!$F$6:$F$155,B26) -> 2 | E26: =COUNTIFS('Match Log'!$F$6:$F$155,B26,'Match Log'!$G$6:$G$155,"W") -> 2 | F26: =IF(C26=0,0,E26/C26) -> 1 | H26: =IF(SUMIF('Match Log'!$F$6:$F$155,B26,'Match Log'!$N$6:$N$155)=0,0,SUMIF('Match Log'!$F$6:$F$155,B26,'Match Log'!$M$6:$M$155)/SUMIF('Match Log'!$F$6:$F$155,B26,'Match Log'!$N$6:$N$155)) -> 0.66949153 | I26: =IF(SUMIF('Match Log'!$F$6:$F$155,B26,'Match Log'!$S$6:$S$155)=0,0,SUMIF('Match Log'!$F$6:$F$155,B26,'Match Log'!$R$6:$R$155)/SUMIF('Match Log'!$F$6:$F$155,B26,'Match Log'!$S$6:$S$155)) -> 0.46666667
B28: BY MONTH
B29: Month | C29: Wins | E29: Losses | F29: Avg winners | H29: Avg errors | I29: 1st serve in
B30: Jan | C30: =COUNTIFS('Match Log'!$AD$6:$AD$155,1,'Match Log'!$G$6:$G$155,"W") -> 0 | E30: =COUNTIFS('Match Log'!$AD$6:$AD$155,1,'Match Log'!$G$6:$G$155,"L") -> 0 | F30: =IF(COUNTIFS('Match Log'!$AD$6:$AD$155,1,'Match Log'!$T$6:$T$155,"<>")=0,0,SUMIF('Match Log'!$AD$6:$AD$155,1,'Match Log'!$T$6:$T$155)/COUNTIFS('Match Log'!$AD$6:$AD$155,1,'Match Log'!$T$6:$T$155,"<>")) -> 0 | H30: =IF(COUNTIFS('Match Log'!$AD$6:$AD$155,1,'Match Log'!$U$6:$U$155,"<>")=0,0,SUMIF('Match Log'!$AD$6:$AD$155,1,'Match Log'!$U$6:$U$155)/COUNTIFS('Match Log'!$AD$6:$AD$155,1,'Match Log'!$U$6:$U$155,"<>")) -> 0 | I30: =IF(SUMIF('Match Log'!$AD$6:$AD$155,1,'Match Log'!$N$6:$N$155)=0,0,SUMIF('Match Log'!$AD$6:$AD$155,1,'Match Log'!$M$6:$M$155)/SUMIF('Match Log'!$AD$6:$AD$155,1,'Match Log'!$N$6:$N$155)) -> 0
B31: Feb | C31: =COUNTIFS('Match Log'!$AD$6:$AD$155,2,'Match Log'!$G$6:$G$155,"W") -> 0 | E31: =COUNTIFS('Match Log'!$AD$6:$AD$155,2,'Match Log'!$G$6:$G$155,"L") -> 0 | F31: =IF(COUNTIFS('Match Log'!$AD$6:$AD$155,2,'Match Log'!$T$6:$T$155,"<>")=0,0,SUMIF('Match Log'!$AD$6:$AD$155,2,'Match Log'!$T$6:$T$155)/COUNTIFS('Match Log'!$AD$6:$AD$155,2,'Match Log'!$T$6:$T$155,"<>")) -> 0 | H31: =IF(COUNTIFS('Match Log'!$AD$6:$AD$155,2,'Match Log'!$U$6:$U$155,"<>")=0,0,SUMIF('Match Log'!$AD$6:$AD$155,2,'Match Log'!$U$6:$U$155)/COUNTIFS('Match Log'!$AD$6:$AD$155,2,'Match Log'!$U$6:$U$155,"<>")) -> 0 | I31: =IF(SUMIF('Match Log'!$AD$6:$AD$155,2,'Match Log'!$N$6:$N$155)=0,0,SUMIF('Match Log'!$AD$6:$AD$155,2,'Match Log'!$M$6:$M$155)/SUMIF('Match Log'!$AD$6:$AD$155,2,'Match Log'!$N$6:$N$155)) -> 0
B32: Mar | C32: =COUNTIFS('Match Log'!$AD$6:$AD$155,3,'Match Log'!$G$6:$G$155,"W") -> 2 | E32: =COUNTIFS('Match Log'!$AD$6:$AD$155,3,'Match Log'!$G$6:$G$155,"L") -> 1 | F32: =IF(COUNTIFS('Match Log'!$AD$6:$AD$155,3,'Match Log'!$T$6:$T$155,"<>")=0,0,SUMIF('Match Log'!$AD$6:$AD$155,3,'Match Log'!$T$6:$T$155)/COUNTIFS('Match Log'!$AD$6:$AD$155,3,'Match Log'!$T$6:$T$155,"<>")) -> 17.333333 | H32: =IF(COUNTIFS('Match Log'!$AD$6:$AD$155,3,'Match Log'!$U$6:$U$155,"<>")=0,0,SUMIF('Match Log'!$AD$6:$AD$155,3,'Match Log'!$U$6:$U$155)/COUNTIFS('Match Log'!$AD$6:$AD$155,3,'Match Log'!$U$6:$U$155,"<>")) -> 21.333333 | I32: =IF(SUMIF('Match Log'!$AD$6:$AD$155,3,'Match Log'!$N$6:$N$155)=0,0,SUMIF('Match Log'!$AD$6:$AD$155,3,'Match Log'!$M$6:$M$155)/SUMIF('Match Log'!$AD$6:$AD$155,3,'Match Log'!$N$6:$N$155)) -> 0.6011236
B33: Apr | C33: =COUNTIFS('Match Log'!$AD$6:$AD$155,4,'Match Log'!$G$6:$G$155,"W") -> 2 | E33: =COUNTIFS('Match Log'!$AD$6:$AD$155,4,'Match Log'!$G$6:$G$155,"L") -> 1 | F33: =IF(COUNTIFS('Match Log'!$AD$6:$AD$155,4,'Match Log'!$T$6:$T$155,"<>")=0,0,SUMIF('Match Log'!$AD$6:$AD$155,4,'Match Log'!$T$6:$T$155)/COUNTIFS('Match Log'!$AD$6:$AD$155,4,'Match Log'!$T$6:$T$155,"<>")) -> 17.333333 | H33: =IF(COUNTIFS('Match Log'!$AD$6:$AD$155,4,'Match Log'!$U$6:$U$155,"<>")=0,0,SUMIF('Match Log'!$AD$6:$AD$155,4,'Match Log'!$U$6:$U$155)/COUNTIFS('Match Log'!$AD$6:$AD$155,4,'Match Log'!$U$6:$U$155,"<>")) -> 28 | I33: =IF(SUMIF('Match Log'!$AD$6:$AD$155,4,'Match Log'!$N$6:$N$155)=0,0,SUMIF('Match Log'!$AD$6:$AD$155,4,'Match Log'!$M$6:$M$155)/SUMIF('Match Log'!$AD$6:$AD$155,4,'Match Log'!$N$6:$N$155)) -> 0.60663507
B34: May | C34: =COUNTIFS('Match Log'!$AD$6:$AD$155,5,'Match Log'!$G$6:$G$155,"W") -> 2 | E34: =COUNTIFS('Match Log'!$AD$6:$AD$155,5,'Match Log'!$G$6:$G$155,"L") -> 1 | F34: =IF(COUNTIFS('Match Log'!$AD$6:$AD$155,5,'Match Log'!$T$6:$T$155,"<>")=0,0,SUMIF('Match Log'!$AD$6:$AD$155,5,'Match Log'!$T$6:$T$155)/COUNTIFS('Match Log'!$AD$6:$AD$155,5,'Match Log'!$T$6:$T$155,"<>")) -> 18.666667 | H34: =IF(COUNTIFS('Match Log'!$AD$6:$AD$155,5,'Match Log'!$U$6:$U$155,"<>")=0,0,SUMIF('Match Log'!$AD$6:$AD$155,5,'Match Log'!$U$6:$U$155)/COUNTIFS('Match Log'!$AD$6:$AD$155,5,'Match Log'!$U$6:$U$155,"<>")) -> 23.666667 | I34: =IF(SUMIF('Match Log'!$AD$6:$AD$155,5,'Match Log'!$N$6:$N$155)=0,0,SUMIF('Match Log'!$AD$6:$AD$155,5,'Match Log'!$M$6:$M$155)/SUMIF('Match Log'!$AD$6:$AD$155,5,'Match Log'!$N$6:$N$155)) -> 0.6453202
B35: Jun | C35: =COUNTIFS('Match Log'!$AD$6:$AD$155,6,'Match Log'!$G$6:$G$155,"W") -> 2 | E35: =COUNTIFS('Match Log'!$AD$6:$AD$155,6,'Match Log'!$G$6:$G$155,"L") -> 1 | F35: =IF(COUNTIFS('Match Log'!$AD$6:$AD$155,6,'Match Log'!$T$6:$T$155,"<>")=0,0,SUMIF('Match Log'!$AD$6:$AD$155,6,'Match Log'!$T$6:$T$155)/COUNTIFS('Match Log'!$AD$6:$AD$155,6,'Match Log'!$T$6:$T$155,"<>")) -> 24 | H35: =IF(COUNTIFS('Match Log'!$AD$6:$AD$155,6,'Match Log'!$U$6:$U$155,"<>")=0,0,SUMIF('Match Log'!$AD$6:$AD$155,6,'Match Log'!$U$6:$U$155)/COUNTIFS('Match Log'!$AD$6:$AD$155,6,'Match Log'!$U$6:$U$155,"<>")) -> 18.666667 | I35: =IF(SUMIF('Match Log'!$AD$6:$AD$155,6,'Match Log'!$N$6:$N$155)=0,0,SUMIF('Match Log'!$AD$6:$AD$155,6,'Match Log'!$M$6:$M$155)/SUMIF('Match Log'!$AD$6:$AD$155,6,'Match Log'!$N$6:$N$155)) -> 0.64516129
B36: Jul | C36: =COUNTIFS('Match Log'!$AD$6:$AD$155,7,'Match Log'!$G$6:$G$155,"W") -> 1 | E36: =COUNTIFS('Match Log'!$AD$6:$AD$155,7,'Match Log'!$G$6:$G$155,"L") -> 0 | F36: =IF(COUNTIFS('Match Log'!$AD$6:$AD$155,7,'Match Log'!$T$6:$T$155,"<>")=0,0,SUMIF('Match Log'!$AD$6:$AD$155,7,'Match Log'!$T$6:$T$155)/COUNTIFS('Match Log'!$AD$6:$AD$155,7,'Match Log'!$T$6:$T$155,"<>")) -> 21 | H36: =IF(COUNTIFS('Match Log'!$AD$6:$AD$155,7,'Match Log'!$U$6:$U$155,"<>")=0,0,SUMIF('Match Log'!$AD$6:$AD$155,7,'Match Log'!$U$6:$U$155)/COUNTIFS('Match Log'!$AD$6:$AD$155,7,'Match Log'!$U$6:$U$155,"<>")) -> 12 | I36: =IF(SUMIF('Match Log'!$AD$6:$AD$155,7,'Match Log'!$N$6:$N$155)=0,0,SUMIF('Match Log'!$AD$6:$AD$155,7,'Match Log'!$M$6:$M$155)/SUMIF('Match Log'!$AD$6:$AD$155,7,'Match Log'!$N$6:$N$155)) -> 0.68627451
B37: Aug | C37: =COUNTIFS('Match Log'!$AD$6:$AD$155,8,'Match Log'!$G$6:$G$155,"W") -> 1 | E37: =COUNTIFS('Match Log'!$AD$6:$AD$155,8,'Match Log'!$G$6:$G$155,"L") -> 0 | F37: =IF(COUNTIFS('Match Log'!$AD$6:$AD$155,8,'Match Log'!$T$6:$T$155,"<>")=0,0,SUMIF('Match Log'!$AD$6:$AD$155,8,'Match Log'!$T$6:$T$155)/COUNTIFS('Match Log'!$AD$6:$AD$155,8,'Match Log'!$T$6:$T$155,"<>")) -> 25 | H37: =IF(COUNTIFS('Match Log'!$AD$6:$AD$155,8,'Match Log'!$U$6:$U$155,"<>")=0,0,SUMIF('Match Log'!$AD$6:$AD$155,8,'Match Log'!$U$6:$U$155)/COUNTIFS('Match Log'!$AD$6:$AD$155,8,'Match Log'!$U$6:$U$155,"<>")) -> 24 | I37: =IF(SUMIF('Match Log'!$AD$6:$AD$155,8,'Match Log'!$N$6:$N$155)=0,0,SUMIF('Match Log'!$AD$6:$AD$155,8,'Match Log'!$M$6:$M$155)/SUMIF('Match Log'!$AD$6:$AD$155,8,'Match Log'!$N$6:$N$155)) -> 0.64102564
B38: Sep | C38: =COUNTIFS('Match Log'!$AD$6:$AD$155,9,'Match Log'!$G$6:$G$155,"W") -> 1 | E38: =COUNTIFS('Match Log'!$AD$6:$AD$155,9,'Match Log'!$G$6:$G$155,"L") -> 0 | F38: =IF(COUNTIFS('Match Log'!$AD$6:$AD$155,9,'Match Log'!$T$6:$T$155,"<>")=0,0,SUMIF('Match Log'!$AD$6:$AD$155,9,'Match Log'!$T$6:$T$155)/COUNTIFS('Match Log'!$AD$6:$AD$155,9,'Match Log'!$T$6:$T$155,"<>")) -> 22 | H38: =IF(COUNTIFS('Match Log'!$AD$6:$AD$155,9,'Match Log'!$U$6:$U$155,"<>")=0,0,SUMIF('Match Log'!$AD$6:$AD$155,9,'Match Log'!$U$6:$U$155)/COUNTIFS('Match Log'!$AD$6:$AD$155,9,'Match Log'!$U$6:$U$155,"<>")) -> 15 | I38: =IF(SUMIF('Match Log'!$AD$6:$AD$155,9,'Match Log'!$N$6:$N$155)=0,0,SUMIF('Match Log'!$AD$6:$AD$155,9,'Match Log'!$M$6:$M$155)/SUMIF('Match Log'!$AD$6:$AD$155,9,'Match Log'!$N$6:$N$155)) -> 0.67272727
B39: Oct | C39: =COUNTIFS('Match Log'!$AD$6:$AD$155,10,'Match Log'!$G$6:$G$155,"W") -> 1 | E39: =COUNTIFS('Match Log'!$AD$6:$AD$155,10,'Match Log'!$G$6:$G$155,"L") -> 0 | F39: =IF(COUNTIFS('Match Log'!$AD$6:$AD$155,10,'Match Log'!$T$6:$T$155,"<>")=0,0,SUMIF('Match Log'!$AD$6:$AD$155,10,'Match Log'!$T$6:$T$155)/COUNTIFS('Match Log'!$AD$6:$AD$155,10,'Match Log'!$T$6:$T$155,"<>")) -> 24 | H39: =IF(COUNTIFS('Match Log'!$AD$6:$AD$155,10,'Match Log'!$U$6:$U$155,"<>")=0,0,SUMIF('Match Log'!$AD$6:$AD$155,10,'Match Log'!$U$6:$U$155)/COUNTIFS('Match Log'!$AD$6:$AD$155,10,'Match Log'!$U$6:$U$155,"<>")) -> 19 | I39: =IF(SUMIF('Match Log'!$AD$6:$AD$155,10,'Match Log'!$N$6:$N$155)=0,0,SUMIF('Match Log'!$AD$6:$AD$155,10,'Match Log'!$M$6:$M$155)/SUMIF('Match Log'!$AD$6:$AD$155,10,'Match Log'!$N$6:$N$155)) -> 0.66666667
B40: Nov | C40: =COUNTIFS('Match Log'!$AD$6:$AD$155,11,'Match Log'!$G$6:$G$155,"W") -> 0 | E40: =COUNTIFS('Match Log'!$AD$6:$AD$155,11,'Match Log'!$G$6:$G$155,"L") -> 0 | F40: =IF(COUNTIFS('Match Log'!$AD$6:$AD$155,11,'Match Log'!$T$6:$T$155,"<>")=0,0,SUMIF('Match Log'!$AD$6:$AD$155,11,'Match Log'!$T$6:$T$155)/COUNTIFS('Match Log'!$AD$6:$AD$155,11,'Match Log'!$T$6:$T$155,"<>")) -> 0 | H40: =IF(COUNTIFS('Match Log'!$AD$6:$AD$155,11,'Match Log'!$U$6:$U$155,"<>")=0,0,SUMIF('Match Log'!$AD$6:$AD$155,11,'Match Log'!$U$6:$U$155)/COUNTIFS('Match Log'!$AD$6:$AD$155,11,'Match Log'!$U$6:$U$155,"<>")) -> 0 | I40: =IF(SUMIF('Match Log'!$AD$6:$AD$155,11,'Match Log'!$N$6:$N$155)=0,0,SUMIF('Match Log'!$AD$6:$AD$155,11,'Match Log'!$M$6:$M$155)/SUMIF('Match Log'!$AD$6:$AD$155,11,'Match Log'!$N$6:$N$155)) -> 0
B41: Dec | C41: =COUNTIFS('Match Log'!$AD$6:$AD$155,12,'Match Log'!$G$6:$G$155,"W") -> 0 | E41: =COUNTIFS('Match Log'!$AD$6:$AD$155,12,'Match Log'!$G$6:$G$155,"L") -> 0 | F41: =IF(COUNTIFS('Match Log'!$AD$6:$AD$155,12,'Match Log'!$T$6:$T$155,"<>")=0,0,SUMIF('Match Log'!$AD$6:$AD$155,12,'Match Log'!$T$6:$T$155)/COUNTIFS('Match Log'!$AD$6:$AD$155,12,'Match Log'!$T$6:$T$155,"<>")) -> 0 | H41: =IF(COUNTIFS('Match Log'!$AD$6:$AD$155,12,'Match Log'!$U$6:$U$155,"<>")=0,0,SUMIF('Match Log'!$AD$6:$AD$155,12,'Match Log'!$U$6:$U$155)/COUNTIFS('Match Log'!$AD$6:$AD$155,12,'Match Log'!$U$6:$U$155,"<>")) -> 0 | I41: =IF(SUMIF('Match Log'!$AD$6:$AD$155,12,'Match Log'!$N$6:$N$155)=0,0,SUMIF('Match Log'!$AD$6:$AD$155,12,'Match Log'!$M$6:$M$155)/SUMIF('Match Log'!$AD$6:$AD$155,12,'Match Log'!$N$6:$N$155)) -> 0

Sheet Match Log
B2: Match Log
B3: ONE ROW PER MATCH · CREAM CELLS ARE YOURS TO FILL IN
B5: Date | C5: Event | D5: Round | E5: Opponent | F5: Surface | G5: Result (W / L) | H5: Score | I5: Sets won | J5: Sets lost | K5: Aces | L5: Double faults | M5: 1st serves in | N5: 1st serves attempted | O5: 1st serve pts won | P5: 2nd serve pts won | Q5: 2nd serve pts played | R5: Break pts won | S5: Break pt chances | T5: Winners | U5: Unforced errors | V5: Net pts won | W5: Net pts played | X5: 1st serve % | Y5: 1st serve pts won % | Z5: 2nd serve pts won % | AA5: Break pt conversion | AB5: Winners − errors | AC5: Net pts won % | AD5: Month
B6: 46088 | C6: Spring Open | D6: R1 | E6: J. Carter | F6: Hard | G6: W | H6: 6-3 6-4 | I6: 2 | J6: 0 | K6: 4 | L6: 3 | M6: 38 | N6: 62 | O6: 27 | P6: 13 | Q6: 24 | R6: 4 | S6: 9 | T6: 18 | U6: 21 | V6: 8 | W6: 12 | X6: =IF(OR(N6="",N6=0),"",M6/N6) -> 0.61290323 | Y6: =IF(OR(M6="",M6=0),"",O6/M6) -> 0.71052632 | Z6: =IF(OR(Q6="",Q6=0),"",P6/Q6) -> 0.54166667 | AA6: =IF(OR(S6="",S6=0),"",R6/S6) -> 0.44444444 | AB6: =IF(OR(T6="",U6=""),"",T6-U6) -> -3 | AC6: =IF(OR(W6="",W6=0),"",V6/W6) -> 0.66666667 | AD6: =IF(B6="","",MONTH(B6)) -> 3
B7: 46089 | C7: Spring Open | D7: R2 | E7: M. Alvarez | F7: Hard | G7: L | H7: 4-6 6-7 | I7: 0 | J7: 2 | K7: 2 | L7: 5 | M7: 35 | N7: 66 | O7: 22 | P7: 12 | Q7: 31 | R7: 2 | S7: 7 | T7: 14 | U7: 29 | V7: 5 | W7: 10 | X7: =IF(OR(N7="",N7=0),"",M7/N7) -> 0.53030303 | Y7: =IF(OR(M7="",M7=0),"",O7/M7) -> 0.62857143 | Z7: =IF(OR(Q7="",Q7=0),"",P7/Q7) -> 0.38709677 | AA7: =IF(OR(S7="",S7=0),"",R7/S7) -> 0.28571429 | AB7: =IF(OR(T7="",U7=""),"",T7-U7) -> -15 | AC7: =IF(OR(W7="",W7=0),"",V7/W7) -> 0.5 | AD7: =IF(B7="","",MONTH(B7)) -> 3
B8: 46102 | C8: Club League | D8: RR | E8: S. Patel | F8: Hard | G8: W | H8: 6-2 6-1 | I8: 2 | J8: 0 | K8: 5 | L8: 1 | M8: 34 | N8: 50 | O8: 26 | P8: 11 | Q8: 16 | R8: 5 | S8: 8 | T8: 20 | U8: 14 | V8: 9 | W8: 11 | X8: =IF(OR(N8="",N8=0),"",M8/N8) -> 0.68 | Y8: =IF(OR(M8="",M8=0),"",O8/M8) -> 0.76470588 | Z8: =IF(OR(Q8="",Q8=0),"",P8/Q8) -> 0.6875 | AA8: =IF(OR(S8="",S8=0),"",R8/S8) -> 0.625 | AB8: =IF(OR(T8="",U8=""),"",T8-U8) -> 6 | AC8: =IF(OR(W8="",W8=0),"",V8/W8) -> 0.81818182 | AD8: =IF(B8="","",MONTH(B8)) -> 3
B9: 46123 | C9: Clay Classic | D9: R1 | E9: L. Novak | F9: Clay | G9: W | H9: 7-5 3-6 6-4 | I9: 2 | J9: 1 | K9: 1 | L9: 4 | M9: 52 | N9: 84 | O9: 33 | P9: 17 | Q9: 32 | R9: 6 | S9: 14 | T9: 22 | U9: 33 | V9: 6 | W9: 11 | X9: =IF(OR(N9="",N9=0),"",M9/N9) -> 0.61904762 | Y9: =IF(OR(M9="",M9=0),"",O9/M9) -> 0.63461538 | Z9: =IF(OR(Q9="",Q9=0),"",P9/Q9) -> 0.53125 | AA9: =IF(OR(S9="",S9=0),"",R9/S9) -> 0.42857143 | AB9: =IF(OR(T9="",U9=""),"",T9-U9) -> -11 | AC9: =IF(OR(W9="",W9=0),"",V9/W9) -> 0.54545455 | AD9: =IF(B9="","",MONTH(B9)) -> 4
B10: 46124 | C10: Clay Classic | D10: QF | E10: R. Moreau | F10: Clay | G10: L | H10: 2-6 5-7 | I10: 0 | J10: 2 | K10: 1 | L10: 6 | M10: 36 | N10: 63 | O10: 20 | P10: 11 | Q10: 27 | R10: 1 | S10: 6 | T10: 11 | U10: 31 | V10: 3 | W10: 7 | X10: =IF(OR(N10="",N10=0),"",M10/N10) -> 0.57142857 | Y10: =IF(OR(M10="",M10=0),"",O10/M10) -> 0.55555556 | Z10: =IF(OR(Q10="",Q10=0),"",P10/Q10) -> 0.40740741 | AA10: =IF(OR(S10="",S10=0),"",R10/S10) -> 0.16666667 | AB10: =IF(OR(T10="",U10=""),"",T10-U10) -> -20 | AC10: =IF(OR(W10="",W10=0),"",V10/W10) -> 0.42857143 | AD10: =IF(B10="","",MONTH(B10)) -> 4
B11: 46137 | C11: Club League | D11: RR | E11: J. Carter | F11: Hard | G11: W | H11: 6-4 6-4 | I11: 2 | J11: 0 | K11: 3 | L11: 2 | M11: 40 | N11: 64 | O11: 29 | P11: 14 | Q11: 24 | R11: 3 | S11: 7 | T11: 19 | U11: 20 | V11: 7 | W11: 10 | X11: =IF(OR(N11="",N11=0),"",M11/N11) -> 0.625 | Y11: =IF(OR(M11="",M11=0),"",O11/M11) -> 0.725 | Z11: =IF(OR(Q11="",Q11=0),"",P11/Q11) -> 0.58333333 | AA11: =IF(OR(S11="",S11=0),"",R11/S11) -> 0.42857143 | AB11: =IF(OR(T11="",U11=""),"",T11-U11) -> -1 | AC11: =IF(OR(W11="",W11=0),"",V11/W11) -> 0.7 | AD11: =IF(B11="","",MONTH(B11)) -> 4
B12: 46158 | C12: County Champs | D12: R1 | E12: D. Okafor | F12: Clay | G12: W | H12: 6-1 6-3 | I12: 2 | J12: 0 | K12: 3 | L12: 2 | M12: 36 | N12: 52 | O12: 27 | P12: 10 | Q12: 16 | R12: 5 | S12: 9 | T12: 17 | U12: 15 | V12: 6 | W12: 8 | X12: =IF(OR(N12="",N12=0),"",M12/N12) -> 0.69230769 | Y12: =IF(OR(M12="",M12=0),"",O12/M12) -> 0.75 | Z12: =IF(OR(Q12="",Q12=0),"",P12/Q12) -> 0.625 | AA12: =IF(OR(S12="",S12=0),"",R12/S12) -> 0.55555556 | AB12: =IF(OR(T12="",U12=""),"",T12-U12) -> 2 | AC12: =IF(OR(W12="",W12=0),"",V12/W12) -> 0.75 | AD12: =IF(B12="","",MONTH(B12)) -> 5
B13: 46159 | C13: County Champs | D13: R2 | E13: M. Alvarez | F13: Clay | G13: W | H13: 6-7 6-4 7-6 | I13: 2 | J13: 1 | K13: 5 | L13: 4 | M13: 58 | N13: 91 | O13: 39 | P13: 19 | Q13: 33 | R13: 4 | S13: 12 | T13: 26 | U13: 30 | V13: 11 | W13: 17 | X13: =IF(OR(N13="",N13=0),"",M13/N13) -> 0.63736264 | Y13: =IF(OR(M13="",M13=0),"",O13/M13) -> 0.67241379 | Z13: =IF(OR(Q13="",Q13=0),"",P13/Q13) -> 0.57575758 | AA13: =IF(OR(S13="",S13=0),"",R13/S13) -> 0.33333333 | AB13: =IF(OR(T13="",U13=""),"",T13-U13) -> -4 | AC13: =IF(OR(W13="",W13=0),"",V13/W13) -> 0.64705882 | AD13: =IF(B13="","",MONTH(B13)) -> 5
B14: 46160 | C14: County Champs | D14: SF | E14: A. Lindqvist | F14: Clay | G14: L | H14: 3-6 4-6 | I14: 0 | J14: 2 | K14: 2 | L14: 3 | M14: 37 | N14: 60 | O14: 23 | P14: 11 | Q14: 23 | R14: 2 | S14: 8 | T14: 13 | U14: 26 | V14: 4 | W14: 8 | X14: =IF(OR(N14="",N14=0),"",M14/N14) -> 0.61666667 | Y14: =IF(OR(M14="",M14=0),"",O14/M14) -> 0.62162162 | Z14: =IF(OR(Q14="",Q14=0),"",P14/Q14) -> 0.47826087 | AA14: =IF(OR(S14="",S14=0),"",R14/S14) -> 0.25 | AB14: =IF(OR(T14="",U14=""),"",T14-U14) -> -13 | AC14: =IF(OR(W14="",W14=0),"",V14/W14) -> 0.5 | AD14: =IF(B14="","",MONTH(B14)) -> 5
B15: 46186 | C15: Grass Invitational | D15: R1 | E15: T. Becker | F15: Grass | G15: W | H15: 7-6 6-4 | I15: 2 | J15: 0 | K15: 9 | L15: 3 | M15: 41 | N15: 63 | O15: 34 | P15: 12 | Q15: 22 | R15: 2 | S15: 5 | T15: 27 | U15: 18 | V15: 14 | W15: 19 | X15: =IF(OR(N15="",N15=0),"",M15/N15) -> 0.65079365 | Y15: =IF(OR(M15="",M15=0),"",O15/M15) -> 0.82926829 | Z15: =IF(OR(Q15="",Q15=0),"",P15/Q15) -> 0.54545455 | AA15: =IF(OR(S15="",S15=0),"",R15/S15) -> 0.4 | AB15: =IF(OR(T15="",U15=""),"",T15-U15) -> 9 | AC15: =IF(OR(W15="",W15=0),"",V15/W15) -> 0.73684211 | AD15: =IF(B15="","",MONTH(B15)) -> 6
B16: 46187 | C16: Grass Invitational | D16: QF | E16: S. Patel | F16: Grass | G16: W | H16: 6-3 7-5 | I16: 2 | J16: 0 | K16: 7 | L16: 2 | M16: 40 | N16: 58 | O16: 32 | P16: 11 | Q16: 18 | R16: 3 | S16: 6 | T16: 24 | U16: 16 | V16: 12 | W16: 16 | X16: =IF(OR(N16="",N16=0),"",M16/N16) -> 0.68965517 | Y16: =IF(OR(M16="",M16=0),"",O16/M16) -> 0.8 | Z16: =IF(OR(Q16="",Q16=0),"",P16/Q16) -> 0.61111111 | AA16: =IF(OR(S16="",S16=0),"",R16/S16) -> 0.5 | AB16: =IF(OR(T16="",U16=""),"",T16-U16) -> 8 | AC16: =IF(OR(W16="",W16=0),"",V16/W16) -> 0.75 | AD16: =IF(B16="","",MONTH(B16)) -> 6
B17: 46188 | C17: Grass Invitational | D17: SF | E17: R. Moreau | F17: Grass | G17: L | H17: 6-7 4-6 | I17: 0 | J17: 2 | K17: 6 | L17: 4 | M17: 39 | N17: 65 | O17: 30 | P17: 12 | Q17: 26 | R17: 0 | S17: 4 | T17: 21 | U17: 22 | V17: 10 | W17: 17 | X17: =IF(OR(N17="",N17=0),"",M17/N17) -> 0.6 | Y17: =IF(OR(M17="",M17=0),"",O17/M17) -> 0.76923077 | Z17: =IF(OR(Q17="",Q17=0),"",P17/Q17) -> 0.46153846 | AA17: =IF(OR(S17="",S17=0),"",R17/S17) -> 0 | AB17: =IF(OR(T17="",U17=""),"",T17-U17) -> -1 | AC17: =IF(OR(W17="",W17=0),"",V17/W17) -> 0.58823529 | AD17: =IF(B17="","",MONTH(B17)) -> 6
... B21: 46305 | C21: Club Championship | D21: F | E21: M. Alvarez | F21: Indoor | G21: W | H21: 7-5 6-4 | I21: 2 | J21: 0 | K21: 6 | L21: 2 | M21: 42 | N21: 63 | O21: 32 | P21: 13 | Q21: 21 | R21: 3 | S21: 7 | T21: 24 | U21: 19 | V21: 9 | W21: 13 | X21: =IF(OR(N21="",N21=0),"",M21/N21) -> 0.66666667 | Y21: =IF(OR(M21="",M21=0),"",O21/M21) -> 0.76190476 | Z21: =IF(OR(Q21="",Q21=0),"",P21/Q21) -> 0.61904762 | AA21: =IF(OR(S21="",S21=0),"",R21/S21) -> 0.42857143 | AB21: =IF(OR(T21="",U21=""),"",T21-U21) -> 5 | AC21: =IF(OR(W21="",W21=0),"",V21/W21) -> 0.69230769 | AD21: =IF(B21="","",MONTH(B21)) -> 10
X22: =IF(OR(N22="",N22=0),"",M22/N22) | Y22: =IF(OR(M22="",M22=0),"",O22/M22) | Z22: =IF(OR(Q22="",Q22=0),"",P22/Q22) | AA22: =IF(OR(S22="",S22=0),"",R22/S22) | AB22: =IF(OR(T22="",U22=""),"",T22-U22) | AC22: =IF(OR(W22="",W22=0),"",V22/W22) | AD22: =IF(B22="","",MONTH(B22))
X23: =IF(OR(N23="",N23=0),"",M23/N23) | Y23: =IF(OR(M23="",M23=0),"",O23/M23) | Z23: =IF(OR(Q23="",Q23=0),"",P23/Q23) | AA23: =IF(OR(S23="",S23=0),"",R23/S23) | AB23: =IF(OR(T23="",U23=""),"",T23-U23) | AC23: =IF(OR(W23="",W23=0),"",V23/W23) | AD23: =IF(B23="","",MONTH(B23))
X24: =IF(OR(N24="",N24=0),"",M24/N24) | Y24: =IF(OR(M24="",M24=0),"",O24/M24) | Z24: =IF(OR(Q24="",Q24=0),"",P24/Q24) | AA24: =IF(OR(S24="",S24=0),"",R24/S24) | AB24: =IF(OR(T24="",U24=""),"",T24-U24) | AC24: =IF(OR(W24="",W24=0),"",V24/W24) | AD24: =IF(B24="","",MONTH(B24))
X25: =IF(OR(N25="",N25=0),"",M25/N25) | Y25: =IF(OR(M25="",M25=0),"",O25/M25) | Z25: =IF(OR(Q25="",Q25=0),"",P25/Q25) | AA25: =IF(OR(S25="",S25=0),"",R25/S25) | AB25: =IF(OR(T25="",U25=""),"",T25-U25) | AC25: =IF(OR(W25="",W25=0),"",V25/W25) | AD25: =IF(B25="","",MONTH(B25))
X26: =IF(OR(N26="",N26=0),"",M26/N26) | Y26: =IF(OR(M26="",M26=0),"",O26/M26) | Z26: =IF(OR(Q26="",Q26=0),"",P26/Q26) | AA26: =IF(OR(S26="",S26=0),"",R26/S26) | AB26: =IF(OR(T26="",U26=""),"",T26-U26) | AC26: =IF(OR(W26="",W26=0),"",V26/W26) | AD26: =IF(B26="","",MONTH(B26))
X27: =IF(OR(N27="",N27=0),"",M27/N27) | Y27: =IF(OR(M27="",M27=0),"",O27/M27) | Z27: =IF(OR(Q27="",Q27=0),"",P27/Q27) | AA27: =IF(OR(S27="",S27=0),"",R27/S27) | AB27: =IF(OR(T27="",U27=""),"",T27-U27) | AC27: =IF(OR(W27="",W27=0),"",V27/W27) | AD27: =IF(B27="","",MONTH(B27))
X28: =IF(OR(N28="",N28=0),"",M28/N28) | Y28: =IF(OR(M28="",M28=0),"",O28/M28) | Z28: =IF(OR(Q28="",Q28=0),"",P28/Q28) | AA28: =IF(OR(S28="",S28=0),"",R28/S28) | AB28: =IF(OR(T28="",U28=""),"",T28-U28) | AC28: =IF(OR(W28="",W28=0),"",V28/W28) | AD28: =IF(B28="","",MONTH(B28))
X29: =IF(OR(N29="",N29=0),"",M29/N29) | Y29: =IF(OR(M29="",M29=0),"",O29/M29) | Z29: =IF(OR(Q29="",Q29=0),"",P29/Q29) | AA29: =IF(OR(S29="",S29=0),"",R29/S29) | AB29: =IF(OR(T29="",U29=""),"",T29-U29) | AC29: =IF(OR(W29="",W29=0),"",V29/W29) | AD29: =IF(B29="","",MONTH(B29))
X30: =IF(OR(N30="",N30=0),"",M30/N30) | Y30: =IF(OR(M30="",M30=0),"",O30/M30) | Z30: =IF(OR(Q30="",Q30=0),"",P30/Q30) | AA30: =IF(OR(S30="",S30=0),"",R30/S30) | AB30: =IF(OR(T30="",U30=""),"",T30-U30) | AC30: =IF(OR(W30="",W30=0),"",V30/W30) | AD30: =IF(B30="","",MONTH(B30))
X31: =IF(OR(N31="",N31=0),"",M31/N31) | Y31: =IF(OR(M31="",M31=0),"",O31/M31) | Z31: =IF(OR(Q31="",Q31=0),"",P31/Q31) | AA31: =IF(OR(S31="",S31=0),"",R31/S31) | AB31: =IF(OR(T31="",U31=""),"",T31-U31) | AC31: =IF(OR(W31="",W31=0),"",V31/W31) | AD31: =IF(B31="","",MONTH(B31))
X32: =IF(OR(N32="",N32=0),"",M32/N32) | Y32: =IF(OR(M32="",M32=0),"",O32/M32) | Z32: =IF(OR(Q32="",Q32=0),"",P32/Q32) | AA32: =IF(OR(S32="",S32=0),"",R32/S32) | AB32: =IF(OR(T32="",U32=""),"",T32-U32) | AC32: =IF(OR(W32="",W32=0),"",V32/W32) | AD32: =IF(B32="","",MONTH(B32))
X33: =IF(OR(N33="",N33=0),"",M33/N33) | Y33: =IF(OR(M33="",M33=0),"",O33/M33) | Z33: =IF(OR(Q33="",Q33=0),"",P33/Q33) | AA33: =IF(OR(S33="",S33=0),"",R33/S33) | AB33: =IF(OR(T33="",U33=""),"",T33-U33) | AC33: =IF(OR(W33="",W33=0),"",V33/W33) | AD33: =IF(B33="","",MONTH(B33))
... X155: =IF(OR(N155="",N155=0),"",M155/N155) | Y155: =IF(OR(M155="",M155=0),"",O155/M155) | Z155: =IF(OR(Q155="",Q155=0),"",P155/Q155) | AA155: =IF(OR(S155="",S155=0),"",R155/S155) | AB155: =IF(OR(T155="",U155=""),"",T155-U155) | AC155: =IF(OR(W155="",W155=0),"",V155/W155) | AD155: =IF(B155="","",MONTH(B155))

Sheet Opponents
B2: Head to Head
B3: TYPE EACH OPPONENT ONCE, SPELLED EXACTLY AS IN THE MATCH LOG
B5: Opponent | C5: Played | D5: Won | E5: Lost | F5: Win rate | G5: Last played
B6: A. Lindqvist | C6: =IF(B6="","",COUNTIF('Match Log'!$E$6:$E$155,B6)) -> 2 | D6: =IF(B6="","",COUNTIFS('Match Log'!$E$6:$E$155,B6,'Match Log'!$G$6:$G$155,"W")) -> 1 | E6: =IF(B6="","",COUNTIFS('Match Log'!$E$6:$E$155,B6,'Match Log'!$G$6:$G$155,"L")) -> 1 | F6: =IF(OR(B6="",C6=0),"",D6/C6) -> 0.5 | G6: =IF(OR(B6="",C6=0),"",_xlfn.MAXIFS('Match Log'!$B$6:$B$155,'Match Log'!$E$6:$E$155,B6)) -> 46256
B7: D. Okafor | C7: =IF(B7="","",COUNTIF('Match Log'!$E$6:$E$155,B7)) -> 2 | D7: =IF(B7="","",COUNTIFS('Match Log'!$E$6:$E$155,B7,'Match Log'!$G$6:$G$155,"W")) -> 2 | E7: =IF(B7="","",COUNTIFS('Match Log'!$E$6:$E$155,B7,'Match Log'!$G$6:$G$155,"L")) -> 0 | F7: =IF(OR(B7="",C7=0),"",D7/C7) -> 1 | G7: =IF(OR(B7="",C7=0),"",_xlfn.MAXIFS('Match Log'!$B$6:$B$155,'Match Log'!$E$6:$E$155,B7)) -> 46284
B8: J. Carter | C8: =IF(B8="","",COUNTIF('Match Log'!$E$6:$E$155,B8)) -> 2 | D8: =IF(B8="","",COUNTIFS('Match Log'!$E$6:$E$155,B8,'Match Log'!$G$6:$G$155,"W")) -> 2 | E8: =IF(B8="","",COUNTIFS('Match Log'!$E$6:$E$155,B8,'Match Log'!$G$6:$G$155,"L")) -> 0 | F8: =IF(OR(B8="",C8=0),"",D8/C8) -> 1 | G8: =IF(OR(B8="",C8=0),"",_xlfn.MAXIFS('Match Log'!$B$6:$B$155,'Match Log'!$E$6:$E$155,B8)) -> 46137
B9: L. Novak | C9: =IF(B9="","",COUNTIF('Match Log'!$E$6:$E$155,B9)) -> 2 | D9: =IF(B9="","",COUNTIFS('Match Log'!$E$6:$E$155,B9,'Match Log'!$G$6:$G$155,"W")) -> 2 | E9: =IF(B9="","",COUNTIFS('Match Log'!$E$6:$E$155,B9,'Match Log'!$G$6:$G$155,"L")) -> 0 | F9: =IF(OR(B9="",C9=0),"",D9/C9) -> 1 | G9: =IF(OR(B9="",C9=0),"",_xlfn.MAXIFS('Match Log'!$B$6:$B$155,'Match Log'!$E$6:$E$155,B9)) -> 46214
B10: M. Alvarez | C10: =IF(B10="","",COUNTIF('Match Log'!$E$6:$E$155,B10)) -> 3 | D10: =IF(B10="","",COUNTIFS('Match Log'!$E$6:$E$155,B10,'Match Log'!$G$6:$G$155,"W")) -> 2 | E10: =IF(B10="","",COUNTIFS('Match Log'!$E$6:$E$155,B10,'Match Log'!$G$6:$G$155,"L")) -> 1 | F10: =IF(OR(B10="",C10=0),"",D10/C10) -> 0.66666667 | G10: =IF(OR(B10="",C10=0),"",_xlfn.MAXIFS('Match Log'!$B$6:$B$155,'Match Log'!$E$6:$E$155,B10)) -> 46305
B11: R. Moreau | C11: =IF(B11="","",COUNTIF('Match Log'!$E$6:$E$155,B11)) -> 2 | D11: =IF(B11="","",COUNTIFS('Match Log'!$E$6:$E$155,B11,'Match Log'!$G$6:$G$155,"W")) -> 0 | E11: =IF(B11="","",COUNTIFS('Match Log'!$E$6:$E$155,B11,'Match Log'!$G$6:$G$155,"L")) -> 2 | F11: =IF(OR(B11="",C11=0),"",D11/C11) -> 0 | G11: =IF(OR(B11="",C11=0),"",_xlfn.MAXIFS('Match Log'!$B$6:$B$155,'Match Log'!$E$6:$E$155,B11)) -> 46188
B12: S. Patel | C12: =IF(B12="","",COUNTIF('Match Log'!$E$6:$E$155,B12)) -> 2 | D12: =IF(B12="","",COUNTIFS('Match Log'!$E$6:$E$155,B12,'Match Log'!$G$6:$G$155,"W")) -> 2 | E12: =IF(B12="","",COUNTIFS('Match Log'!$E$6:$E$155,B12,'Match Log'!$G$6:$G$155,"L")) -> 0 | F12: =IF(OR(B12="",C12=0),"",D12/C12) -> 1 | G12: =IF(OR(B12="",C12=0),"",_xlfn.MAXIFS('Match Log'!$B$6:$B$155,'Match Log'!$E$6:$E$155,B12)) -> 46187
B13: T. Becker | C13: =IF(B13="","",COUNTIF('Match Log'!$E$6:$E$155,B13)) -> 1 | D13: =IF(B13="","",COUNTIFS('Match Log'!$E$6:$E$155,B13,'Match Log'!$G$6:$G$155,"W")) -> 1 | E13: =IF(B13="","",COUNTIFS('Match Log'!$E$6:$E$155,B13,'Match Log'!$G$6:$G$155,"L")) -> 0 | F13: =IF(OR(B13="",C13=0),"",D13/C13) -> 1 | G13: =IF(OR(B13="",C13=0),"",_xlfn.MAXIFS('Match Log'!$B$6:$B$155,'Match Log'!$E$6:$E$155,B13)) -> 46186
C14: =IF(B14="","",COUNTIF('Match Log'!$E$6:$E$155,B14)) | D14: =IF(B14="","",COUNTIFS('Match Log'!$E$6:$E$155,B14,'Match Log'!$G$6:$G$155,"W")) | E14: =IF(B14="","",COUNTIFS('Match Log'!$E$6:$E$155,B14,'Match Log'!$G$6:$G$155,"L")) | F14: =IF(OR(B14="",C14=0),"",D14/C14) | G14: =IF(OR(B14="",C14=0),"",_xlfn.MAXIFS('Match Log'!$B$6:$B$155,'Match Log'!$E$6:$E$155,B14))
C15: =IF(B15="","",COUNTIF('Match Log'!$E$6:$E$155,B15)) | D15: =IF(B15="","",COUNTIFS('Match Log'!$E$6:$E$155,B15,'Match Log'!$G$6:$G$155,"W")) | E15: =IF(B15="","",COUNTIFS('Match Log'!$E$6:$E$155,B15,'Match Log'!$G$6:$G$155,"L")) | F15: =IF(OR(B15="",C15=0),"",D15/C15) | G15: =IF(OR(B15="",C15=0),"",_xlfn.MAXIFS('Match Log'!$B$6:$B$155,'Match Log'!$E$6:$E$155,B15))
C16: =IF(B16="","",COUNTIF('Match Log'!$E$6:$E$155,B16)) | D16: =IF(B16="","",COUNTIFS('Match Log'!$E$6:$E$155,B16,'Match Log'!$G$6:$G$155,"W")) | E16: =IF(B16="","",COUNTIFS('Match Log'!$E$6:$E$155,B16,'Match Log'!$G$6:$G$155,"L")) | F16: =IF(OR(B16="",C16=0),"",D16/C16) | G16: =IF(OR(B16="",C16=0),"",_xlfn.MAXIFS('Match Log'!$B$6:$B$155,'Match Log'!$E$6:$E$155,B16))
C17: =IF(B17="","",COUNTIF('Match Log'!$E$6:$E$155,B17)) | D17: =IF(B17="","",COUNTIFS('Match Log'!$E$6:$E$155,B17,'Match Log'!$G$6:$G$155,"W")) | E17: =IF(B17="","",COUNTIFS('Match Log'!$E$6:$E$155,B17,'Match Log'!$G$6:$G$155,"L")) | F17: =IF(OR(B17="",C17=0),"",D17/C17) | G17: =IF(OR(B17="",C17=0),"",_xlfn.MAXIFS('Match Log'!$B$6:$B$155,'Match Log'!$E$6:$E$155,B17))
C18: =IF(B18="","",COUNTIF('Match Log'!$E$6:$E$155,B18)) | D18: =IF(B18="","",COUNTIFS('Match Log'!$E$6:$E$155,B18,'Match Log'!$G$6:$G$155,"W")) | E18: =IF(B18="","",COUNTIFS('Match Log'!$E$6:$E$155,B18,'Match Log'!$G$6:$G$155,"L")) | F18: =IF(OR(B18="",C18=0),"",D18/C18) | G18: =IF(OR(B18="",C18=0),"",_xlfn.MAXIFS('Match Log'!$B$6:$B$155,'Match Log'!$E$6:$E$155,B18))
C19: =IF(B19="","",COUNTIF('Match Log'!$E$6:$E$155,B19)) | D19: =IF(B19="","",COUNTIFS('Match Log'!$E$6:$E$155,B19,'Match Log'!$G$6:$G$155,"W")) | E19: =IF(B19="","",COUNTIFS('Match Log'!$E$6:$E$155,B19,'Match Log'!$G$6:$G$155,"L")) | F19: =IF(OR(B19="",C19=0),"",D19/C19) | G19: =IF(OR(B19="",C19=0),"",_xlfn.MAXIFS('Match Log'!$B$6:$B$155,'Match Log'!$E$6:$E$155,B19))
C20: =IF(B20="","",COUNTIF('Match Log'!$E$6:$E$155,B20)) | D20: =IF(B20="","",COUNTIFS('Match Log'!$E$6:$E$155,B20,'Match Log'!$G$6:$G$155,"W")) | E20: =IF(B20="","",COUNTIFS('Match Log'!$E$6:$E$155,B20,'Match Log'!$G$6:$G$155,"L")) | F20: =IF(OR(B20="",C20=0),"",D20/C20) | G20: =IF(OR(B20="",C20=0),"",_xlfn.MAXIFS('Match Log'!$B$6:$B$155,'Match Log'!$E$6:$E$155,B20))
C21: =IF(B21="","",COUNTIF('Match Log'!$E$6:$E$155,B21)) | D21: =IF(B21="","",COUNTIFS('Match Log'!$E$6:$E$155,B21,'Match Log'!$G$6:$G$155,"W")) | E21: =IF(B21="","",COUNTIFS('Match Log'!$E$6:$E$155,B21,'Match Log'!$G$6:$G$155,"L")) | F21: =IF(OR(B21="",C21=0),"",D21/C21) | G21: =IF(OR(B21="",C21=0),"",_xlfn.MAXIFS('Match Log'!$B$6:$B$155,'Match Log'!$E$6:$E$155,B21))
C22: =IF(B22="","",COUNTIF('Match Log'!$E$6:$E$155,B22)) | D22: =IF(B22="","",COUNTIFS('Match Log'!$E$6:$E$155,B22,'Match Log'!$G$6:$G$155,"W")) | E22: =IF(B22="","",COUNTIFS('Match Log'!$E$6:$E$155,B22,'Match Log'!$G$6:$G$155,"L")) | F22: =IF(OR(B22="",C22=0),"",D22/C22) | G22: =IF(OR(B22="",C22=0),"",_xlfn.MAXIFS('Match Log'!$B$6:$B$155,'Match Log'!$E$6:$E$155,B22))
C23: =IF(B23="","",COUNTIF('Match Log'!$E$6:$E$155,B23)) | D23: =IF(B23="","",COUNTIFS('Match Log'!$E$6:$E$155,B23,'Match Log'!$G$6:$G$155,"W")) | E23: =IF(B23="","",COUNTIFS('Match Log'!$E$6:$E$155,B23,'Match Log'!$G$6:$G$155,"L")) | F23: =IF(OR(B23="",C23=0),"",D23/C23) | G23: =IF(OR(B23="",C23=0),"",_xlfn.MAXIFS('Match Log'!$B$6:$B$155,'Match Log'!$E$6:$E$155,B23))
C24: =IF(B24="","",COUNTIF('Match Log'!$E$6:$E$155,B24)) | D24: =IF(B24="","",COUNTIFS('Match Log'!$E$6:$E$155,B24,'Match Log'!$G$6:$G$155,"W")) | E24: =IF(B24="","",COUNTIFS('Match Log'!$E$6:$E$155,B24,'Match Log'!$G$6:$G$155,"L")) | F24: =IF(OR(B24="",C24=0),"",D24/C24) | G24: =IF(OR(B24="",C24=0),"",_xlfn.MAXIFS('Match Log'!$B$6:$B$155,'Match Log'!$E$6:$E$155,B24))
C25: =IF(B25="","",COUNTIF('Match Log'!$E$6:$E$155,B25)) | D25: =IF(B25="","",COUNTIFS('Match Log'!$E$6:$E$155,B25,'Match Log'!$G$6:$G$155,"W")) | E25: =IF(B25="","",COUNTIFS('Match Log'!$E$6:$E$155,B25,'Match Log'!$G$6:$G$155,"L")) | F25: =IF(OR(B25="",C25=0),"",D25/C25) | G25: =IF(OR(B25="",C25=0),"",_xlfn.MAXIFS('Match Log'!$B$6:$B$155,'Match Log'!$E$6:$E$155,B25))
... C45: =IF(B45="","",COUNTIF('Match Log'!$E$6:$E$155,B45)) | D45: =IF(B45="","",COUNTIFS('Match Log'!$E$6:$E$155,B45,'Match Log'!$G$6:$G$155,"W")) | E45: =IF(B45="","",COUNTIFS('Match Log'!$E$6:$E$155,B45,'Match Log'!$G$6:$G$155,"L")) | F45: =IF(OR(B45="",C45=0),"",D45/C45) | G45: =IF(OR(B45="",C45=0),"",_xlfn.MAXIFS('Match Log'!$B$6:$B$155,'Match Log'!$E$6:$E$155,B45))

Sheet Season Plan
B2: Season Plan
B3: UPCOMING TOURNAMENTS AND DEADLINES
B5: Start date | C5: Tournament / league | D5: Location | E5: Surface | F5: Entry deadline | G5: Entered? | H5: Days to go | I5: Goal
B6: 46452 | C6: Spring Open | D6: City Tennis Centre | E6: Hard | F6: 46438 | G6: Yes | H6: =IF(B6="","",MAX(0,B6-TODAY())) -> 131 | I6: Reach the quarter-finals
H7: =IF(B7="","",MAX(0,B7-TODAY()))
H8: =IF(B8="","",MAX(0,B8-TODAY()))
H9: =IF(B9="","",MAX(0,B9-TODAY()))
H10: =IF(B10="","",MAX(0,B10-TODAY()))
H11: =IF(B11="","",MAX(0,B11-TODAY()))
H12: =IF(B12="","",MAX(0,B12-TODAY()))
H13: =IF(B13="","",MAX(0,B13-TODAY()))
H14: =IF(B14="","",MAX(0,B14-TODAY()))
H15: =IF(B15="","",MAX(0,B15-TODAY()))
H16: =IF(B16="","",MAX(0,B16-TODAY()))
H17: =IF(B17="","",MAX(0,B17-TODAY()))
H18: =IF(B18="","",MAX(0,B18-TODAY()))
... H45: =IF(B45="","",MAX(0,B45-TODAY()))
