Workbook

Sheet Start Here
B2: Round Robin & Ladder Organizer
B3: START HERE
B6: Cream cells | C6: Yours to fill in. Type, or pick from the drop-down lists.
B8: Beige cells | C8: Calculate by themselves. Please don't type over them.
B10: 1 · Setup | C10: Name your event, set the number of courts and the points for a win or tie, then list up to 16 players or doubles teams from the top, with no gaps.
B12: 2 · Schedule | C12: The full schedule appears instantly: every player meets every other player once, with court numbers. With an odd number of players, one player rests (a bye) each round.
B14: 3 · Enter scores | C14: Type the games won by each side, for example 6 and 4. The winner fills in by itself.
B16: 4 · Standings | C16: Ranked by points, then game difference, then games won. The Results Grid shows every score at a glance.
B18: Ladder | C18: For a season-long challenge ladder: list up to 20 players in starting order on the Ladder tab, then log each challenge on the Challenges tab. A challenger who beats a higher-ranked player takes their place, and everyone in between moves down one.
B20: Sample data | C20: The sample players and scores show how everything works. Before your event, clear the cream cells on Setup, the score columns on Schedule, and the Ladder and Challenges tabs.
B22: Changing players | C22: If you change the player list after scores are entered, clear the score columns first: the schedule is rebuilt for the new list.
B24: Google Sheets | C24: Upload this file to Google Drive, open it, then choose File › Save as Google Sheets. It also works in Microsoft Excel and Apple Numbers.
B26: Printing | C26: Each tab is set up to print on one page width. Print the Schedule for the noticeboard, or use the blank Draw Sheets PDF.
B28: For personal and single-club use. Thank you for supporting a small studio.

Sheet Setup
B2: Setup
B3: EVENT DETAILS AND PLAYERS
B6: Event name | C6: Saturday Social Round Robin
B7: Format | C7: Singles
B8: Courts available | C8: 3 | E8: Matches beyond the number of courts show “Next free”.
B9: Points for a win | C9: 1
B10: Points for a tie | C10: 0.5
B11: Match format (note) | C11: One set, first to 6 games
B12: Players entered | C12: =COUNTA($C$16:$C$31) -> 7 | E12: Enter at least 3. The schedule supports up to 16.
B13: Rounds | C13: =IF($C$12<3,0,$C$12+MOD($C$12,2)-1) -> 7 | E13: Every player meets every other player once.
B15: No. | C15: Player or doubles team
B16: 1 | C16: Anna | E16: For doubles, enter each team as one line, e.g. “Anna & Ben”.
B17: 2 | C17: Ben
B18: 3 | C18: Carla
B19: 4 | C19: David
B20: 5 | C20: Elena
B21: 6 | C21: Felix
B22: 7 | C22: Grace
B23: 8
B24: 9
B25: 10
B26: 11
B27: 12
B28: 13
B29: 14
B30: 15
B31: 16

Sheet Schedule
B2: Schedule
B3: CREATED AUTOMATICALLY · ENTER GAMES WON IN THE CREAM CELLS
B5: Round | C5: Court | D5: Player / team A | E5: Games A | F5: Games B | G5: Player / team B | H5: Winner
B6: =IF(L6,J6+1,"") -> 1 | C6: =IF(NOT(L6),"",IF(O6,"Bye",IF(IF(MOD(Setup!$C$12,2)=1,K6,K6+1)>Setup!$C$8,"Next free",IF(MOD(Setup!$C$12,2)=1,K6,K6+1)))) -> Bye | D6: =IF(NOT(L6),"",IF(M6>=Setup!$C$12,"Bye",INDEX(Setup!$C$16:$C$31,M6+1))) -> Anna | G6: =IF(NOT(L6),"",IF(N6>=Setup!$C$12,"Bye",INDEX(Setup!$C$16:$C$31,N6+1))) -> Bye | H6: =IF(OR(NOT(L6),O6,E6="",F6=""),"",IF(E6>F6,D6,IF(F6>E6,G6,"Tie"))) | J6: =IF(Setup!$C$13=0,"",INT(0/((Setup!$C$13+1)/2))) -> 0 | K6: =IF(Setup!$C$13=0,"",MOD(0,(Setup!$C$13+1)/2)) -> 0 | L6: =AND(Setup!$C$13>0,J6<Setup!$C$13) -> TRUE | M6: =IF(NOT(L6),"",IF(K6=0,J6,MOD(J6+K6,Setup!$C$13))) -> 0 | N6: =IF(NOT(L6),"",IF(K6=0,Setup!$C$13,MOD(J6-K6+Setup!$C$13,Setup!$C$13))) -> 7 | O6: =AND(L6,OR(M6>=Setup!$C$12,N6>=Setup!$C$12)) -> TRUE | P6: =IF(AND(L6,NOT(O6),E6<>"",F6<>""),1,0) -> 0 | Q6: =IF(L6,D6&"|"&G6,"") -> Anna|Bye | R6: =IF(L6,G6&"|"&D6,"") -> Bye|Anna
B7: =IF(L7,J7+1,"") -> 1 | C7: =IF(NOT(L7),"",IF(O7,"Bye",IF(IF(MOD(Setup!$C$12,2)=1,K7,K7+1)>Setup!$C$8,"Next free",IF(MOD(Setup!$C$12,2)=1,K7,K7+1)))) -> 1 | D7: =IF(NOT(L7),"",IF(M7>=Setup!$C$12,"Bye",INDEX(Setup!$C$16:$C$31,M7+1))) -> Ben | E7: 6 | F7: 3 | G7: =IF(NOT(L7),"",IF(N7>=Setup!$C$12,"Bye",INDEX(Setup!$C$16:$C$31,N7+1))) -> Grace | H7: =IF(OR(NOT(L7),O7,E7="",F7=""),"",IF(E7>F7,D7,IF(F7>E7,G7,"Tie"))) -> Ben | J7: =IF(Setup!$C$13=0,"",INT(1/((Setup!$C$13+1)/2))) -> 0 | K7: =IF(Setup!$C$13=0,"",MOD(1,(Setup!$C$13+1)/2)) -> 1 | L7: =AND(Setup!$C$13>0,J7<Setup!$C$13) -> TRUE | M7: =IF(NOT(L7),"",IF(K7=0,J7,MOD(J7+K7,Setup!$C$13))) -> 1 | N7: =IF(NOT(L7),"",IF(K7=0,Setup!$C$13,MOD(J7-K7+Setup!$C$13,Setup!$C$13))) -> 6 | O7: =AND(L7,OR(M7>=Setup!$C$12,N7>=Setup!$C$12)) -> FALSE | P7: =IF(AND(L7,NOT(O7),E7<>"",F7<>""),1,0) -> 1 | Q7: =IF(L7,D7&"|"&G7,"") -> Ben|Grace | R7: =IF(L7,G7&"|"&D7,"") -> Grace|Ben
B8: =IF(L8,J8+1,"") -> 1 | C8: =IF(NOT(L8),"",IF(O8,"Bye",IF(IF(MOD(Setup!$C$12,2)=1,K8,K8+1)>Setup!$C$8,"Next free",IF(MOD(Setup!$C$12,2)=1,K8,K8+1)))) -> 2 | D8: =IF(NOT(L8),"",IF(M8>=Setup!$C$12,"Bye",INDEX(Setup!$C$16:$C$31,M8+1))) -> Carla | E8: 4 | F8: 6 | G8: =IF(NOT(L8),"",IF(N8>=Setup!$C$12,"Bye",INDEX(Setup!$C$16:$C$31,N8+1))) -> Felix | H8: =IF(OR(NOT(L8),O8,E8="",F8=""),"",IF(E8>F8,D8,IF(F8>E8,G8,"Tie"))) -> Felix | J8: =IF(Setup!$C$13=0,"",INT(2/((Setup!$C$13+1)/2))) -> 0 | K8: =IF(Setup!$C$13=0,"",MOD(2,(Setup!$C$13+1)/2)) -> 2 | L8: =AND(Setup!$C$13>0,J8<Setup!$C$13) -> TRUE | M8: =IF(NOT(L8),"",IF(K8=0,J8,MOD(J8+K8,Setup!$C$13))) -> 2 | N8: =IF(NOT(L8),"",IF(K8=0,Setup!$C$13,MOD(J8-K8+Setup!$C$13,Setup!$C$13))) -> 5 | O8: =AND(L8,OR(M8>=Setup!$C$12,N8>=Setup!$C$12)) -> FALSE | P8: =IF(AND(L8,NOT(O8),E8<>"",F8<>""),1,0) -> 1 | Q8: =IF(L8,D8&"|"&G8,"") -> Carla|Felix | R8: =IF(L8,G8&"|"&D8,"") -> Felix|Carla
B9: =IF(L9,J9+1,"") -> 1 | C9: =IF(NOT(L9),"",IF(O9,"Bye",IF(IF(MOD(Setup!$C$12,2)=1,K9,K9+1)>Setup!$C$8,"Next free",IF(MOD(Setup!$C$12,2)=1,K9,K9+1)))) -> 3 | D9: =IF(NOT(L9),"",IF(M9>=Setup!$C$12,"Bye",INDEX(Setup!$C$16:$C$31,M9+1))) -> David | E9: 6 | F9: 2 | G9: =IF(NOT(L9),"",IF(N9>=Setup!$C$12,"Bye",INDEX(Setup!$C$16:$C$31,N9+1))) -> Elena | H9: =IF(OR(NOT(L9),O9,E9="",F9=""),"",IF(E9>F9,D9,IF(F9>E9,G9,"Tie"))) -> David | J9: =IF(Setup!$C$13=0,"",INT(3/((Setup!$C$13+1)/2))) -> 0 | K9: =IF(Setup!$C$13=0,"",MOD(3,(Setup!$C$13+1)/2)) -> 3 | L9: =AND(Setup!$C$13>0,J9<Setup!$C$13) -> TRUE | M9: =IF(NOT(L9),"",IF(K9=0,J9,MOD(J9+K9,Setup!$C$13))) -> 3 | N9: =IF(NOT(L9),"",IF(K9=0,Setup!$C$13,MOD(J9-K9+Setup!$C$13,Setup!$C$13))) -> 4 | O9: =AND(L9,OR(M9>=Setup!$C$12,N9>=Setup!$C$12)) -> FALSE | P9: =IF(AND(L9,NOT(O9),E9<>"",F9<>""),1,0) -> 1 | Q9: =IF(L9,D9&"|"&G9,"") -> David|Elena | R9: =IF(L9,G9&"|"&D9,"") -> Elena|David
B10: =IF(L10,J10+1,"") -> 2 | C10: =IF(NOT(L10),"",IF(O10,"Bye",IF(IF(MOD(Setup!$C$12,2)=1,K10,K10+1)>Setup!$C$8,"Next free",IF(MOD(Setup!$C$12,2)=1,K10,K10+1)))) -> Bye | D10: =IF(NOT(L10),"",IF(M10>=Setup!$C$12,"Bye",INDEX(Setup!$C$16:$C$31,M10+1))) -> Ben | G10: =IF(NOT(L10),"",IF(N10>=Setup!$C$12,"Bye",INDEX(Setup!$C$16:$C$31,N10+1))) -> Bye | H10: =IF(OR(NOT(L10),O10,E10="",F10=""),"",IF(E10>F10,D10,IF(F10>E10,G10,"Tie"))) | J10: =IF(Setup!$C$13=0,"",INT(4/((Setup!$C$13+1)/2))) -> 1 | K10: =IF(Setup!$C$13=0,"",MOD(4,(Setup!$C$13+1)/2)) -> 0 | L10: =AND(Setup!$C$13>0,J10<Setup!$C$13) -> TRUE | M10: =IF(NOT(L10),"",IF(K10=0,J10,MOD(J10+K10,Setup!$C$13))) -> 1 | N10: =IF(NOT(L10),"",IF(K10=0,Setup!$C$13,MOD(J10-K10+Setup!$C$13,Setup!$C$13))) -> 7 | O10: =AND(L10,OR(M10>=Setup!$C$12,N10>=Setup!$C$12)) -> TRUE | P10: =IF(AND(L10,NOT(O10),E10<>"",F10<>""),1,0) -> 0 | Q10: =IF(L10,D10&"|"&G10,"") -> Ben|Bye | R10: =IF(L10,G10&"|"&D10,"") -> Bye|Ben
B11: =IF(L11,J11+1,"") -> 2 | C11: =IF(NOT(L11),"",IF(O11,"Bye",IF(IF(MOD(Setup!$C$12,2)=1,K11,K11+1)>Setup!$C$8,"Next free",IF(MOD(Setup!$C$12,2)=1,K11,K11+1)))) -> 1 | D11: =IF(NOT(L11),"",IF(M11>=Setup!$C$12,"Bye",INDEX(Setup!$C$16:$C$31,M11+1))) -> Carla | E11: 6 | F11: 4 | G11: =IF(NOT(L11),"",IF(N11>=Setup!$C$12,"Bye",INDEX(Setup!$C$16:$C$31,N11+1))) -> Anna | H11: =IF(OR(NOT(L11),O11,E11="",F11=""),"",IF(E11>F11,D11,IF(F11>E11,G11,"Tie"))) -> Carla | J11: =IF(Setup!$C$13=0,"",INT(5/((Setup!$C$13+1)/2))) -> 1 | K11: =IF(Setup!$C$13=0,"",MOD(5,(Setup!$C$13+1)/2)) -> 1 | L11: =AND(Setup!$C$13>0,J11<Setup!$C$13) -> TRUE | M11: =IF(NOT(L11),"",IF(K11=0,J11,MOD(J11+K11,Setup!$C$13))) -> 2 | N11: =IF(NOT(L11),"",IF(K11=0,Setup!$C$13,MOD(J11-K11+Setup!$C$13,Setup!$C$13))) -> 0 | O11: =AND(L11,OR(M11>=Setup!$C$12,N11>=Setup!$C$12)) -> FALSE | P11: =IF(AND(L11,NOT(O11),E11<>"",F11<>""),1,0) -> 1 | Q11: =IF(L11,D11&"|"&G11,"") -> Carla|Anna | R11: =IF(L11,G11&"|"&D11,"") -> Anna|Carla
B12: =IF(L12,J12+1,"") -> 2 | C12: =IF(NOT(L12),"",IF(O12,"Bye",IF(IF(MOD(Setup!$C$12,2)=1,K12,K12+1)>Setup!$C$8,"Next free",IF(MOD(Setup!$C$12,2)=1,K12,K12+1)))) -> 2 | D12: =IF(NOT(L12),"",IF(M12>=Setup!$C$12,"Bye",INDEX(Setup!$C$16:$C$31,M12+1))) -> David | E12: 5 | F12: 6 | G12: =IF(NOT(L12),"",IF(N12>=Setup!$C$12,"Bye",INDEX(Setup!$C$16:$C$31,N12+1))) -> Grace | H12: =IF(OR(NOT(L12),O12,E12="",F12=""),"",IF(E12>F12,D12,IF(F12>E12,G12,"Tie"))) -> Grace | J12: =IF(Setup!$C$13=0,"",INT(6/((Setup!$C$13+1)/2))) -> 1 | K12: =IF(Setup!$C$13=0,"",MOD(6,(Setup!$C$13+1)/2)) -> 2 | L12: =AND(Setup!$C$13>0,J12<Setup!$C$13) -> TRUE | M12: =IF(NOT(L12),"",IF(K12=0,J12,MOD(J12+K12,Setup!$C$13))) -> 3 | N12: =IF(NOT(L12),"",IF(K12=0,Setup!$C$13,MOD(J12-K12+Setup!$C$13,Setup!$C$13))) -> 6 | O12: =AND(L12,OR(M12>=Setup!$C$12,N12>=Setup!$C$12)) -> FALSE | P12: =IF(AND(L12,NOT(O12),E12<>"",F12<>""),1,0) -> 1 | Q12: =IF(L12,D12&"|"&G12,"") -> David|Grace | R12: =IF(L12,G12&"|"&D12,"") -> Grace|David
B13: =IF(L13,J13+1,"") -> 2 | C13: =IF(NOT(L13),"",IF(O13,"Bye",IF(IF(MOD(Setup!$C$12,2)=1,K13,K13+1)>Setup!$C$8,"Next free",IF(MOD(Setup!$C$12,2)=1,K13,K13+1)))) -> 3 | D13: =IF(NOT(L13),"",IF(M13>=Setup!$C$12,"Bye",INDEX(Setup!$C$16:$C$31,M13+1))) -> Elena | E13: 6 | F13: 1 | G13: =IF(NOT(L13),"",IF(N13>=Setup!$C$12,"Bye",INDEX(Setup!$C$16:$C$31,N13+1))) -> Felix | H13: =IF(OR(NOT(L13),O13,E13="",F13=""),"",IF(E13>F13,D13,IF(F13>E13,G13,"Tie"))) -> Elena | J13: =IF(Setup!$C$13=0,"",INT(7/((Setup!$C$13+1)/2))) -> 1 | K13: =IF(Setup!$C$13=0,"",MOD(7,(Setup!$C$13+1)/2)) -> 3 | L13: =AND(Setup!$C$13>0,J13<Setup!$C$13) -> TRUE | M13: =IF(NOT(L13),"",IF(K13=0,J13,MOD(J13+K13,Setup!$C$13))) -> 4 | N13: =IF(NOT(L13),"",IF(K13=0,Setup!$C$13,MOD(J13-K13+Setup!$C$13,Setup!$C$13))) -> 5 | O13: =AND(L13,OR(M13>=Setup!$C$12,N13>=Setup!$C$12)) -> FALSE | P13: =IF(AND(L13,NOT(O13),E13<>"",F13<>""),1,0) -> 1 | Q13: =IF(L13,D13&"|"&G13,"") -> Elena|Felix | R13: =IF(L13,G13&"|"&D13,"") -> Felix|Elena
B14: =IF(L14,J14+1,"") -> 3 | C14: =IF(NOT(L14),"",IF(O14,"Bye",IF(IF(MOD(Setup!$C$12,2)=1,K14,K14+1)>Setup!$C$8,"Next free",IF(MOD(Setup!$C$12,2)=1,K14,K14+1)))) -> Bye | D14: =IF(NOT(L14),"",IF(M14>=Setup!$C$12,"Bye",INDEX(Setup!$C$16:$C$31,M14+1))) -> Carla | G14: =IF(NOT(L14),"",IF(N14>=Setup!$C$12,"Bye",INDEX(Setup!$C$16:$C$31,N14+1))) -> Bye | H14: =IF(OR(NOT(L14),O14,E14="",F14=""),"",IF(E14>F14,D14,IF(F14>E14,G14,"Tie"))) | J14: =IF(Setup!$C$13=0,"",INT(8/((Setup!$C$13+1)/2))) -> 2 | K14: =IF(Setup!$C$13=0,"",MOD(8,(Setup!$C$13+1)/2)) -> 0 | L14: =AND(Setup!$C$13>0,J14<Setup!$C$13) -> TRUE | M14: =IF(NOT(L14),"",IF(K14=0,J14,MOD(J14+K14,Setup!$C$13))) -> 2 | N14: =IF(NOT(L14),"",IF(K14=0,Setup!$C$13,MOD(J14-K14+Setup!$C$13,Setup!$C$13))) -> 7 | O14: =AND(L14,OR(M14>=Setup!$C$12,N14>=Setup!$C$12)) -> TRUE | P14: =IF(AND(L14,NOT(O14),E14<>"",F14<>""),1,0) -> 0 | Q14: =IF(L14,D14&"|"&G14,"") -> Carla|Bye | R14: =IF(L14,G14&"|"&D14,"") -> Bye|Carla
B15: =IF(L15,J15+1,"") -> 3 | C15: =IF(NOT(L15),"",IF(O15,"Bye",IF(IF(MOD(Setup!$C$12,2)=1,K15,K15+1)>Setup!$C$8,"Next free",IF(MOD(Setup!$C$12,2)=1,K15,K15+1)))) -> 1 | D15: =IF(NOT(L15),"",IF(M15>=Setup!$C$12,"Bye",INDEX(Setup!$C$16:$C$31,M15+1))) -> David | E15: 3 | F15: 6 | G15: =IF(NOT(L15),"",IF(N15>=Setup!$C$12,"Bye",INDEX(Setup!$C$16:$C$31,N15+1))) -> Ben | H15: =IF(OR(NOT(L15),O15,E15="",F15=""),"",IF(E15>F15,D15,IF(F15>E15,G15,"Tie"))) -> Ben | J15: =IF(Setup!$C$13=0,"",INT(9/((Setup!$C$13+1)/2))) -> 2 | K15: =IF(Setup!$C$13=0,"",MOD(9,(Setup!$C$13+1)/2)) -> 1 | L15: =AND(Setup!$C$13>0,J15<Setup!$C$13) -> TRUE | M15: =IF(NOT(L15),"",IF(K15=0,J15,MOD(J15+K15,Setup!$C$13))) -> 3 | N15: =IF(NOT(L15),"",IF(K15=0,Setup!$C$13,MOD(J15-K15+Setup!$C$13,Setup!$C$13))) -> 1 | O15: =AND(L15,OR(M15>=Setup!$C$12,N15>=Setup!$C$12)) -> FALSE | P15: =IF(AND(L15,NOT(O15),E15<>"",F15<>""),1,0) -> 1 | Q15: =IF(L15,D15&"|"&G15,"") -> David|Ben | R15: =IF(L15,G15&"|"&D15,"") -> Ben|David
B16: =IF(L16,J16+1,"") -> 3 | C16: =IF(NOT(L16),"",IF(O16,"Bye",IF(IF(MOD(Setup!$C$12,2)=1,K16,K16+1)>Setup!$C$8,"Next free",IF(MOD(Setup!$C$12,2)=1,K16,K16+1)))) -> 2 | D16: =IF(NOT(L16),"",IF(M16>=Setup!$C$12,"Bye",INDEX(Setup!$C$16:$C$31,M16+1))) -> Elena | E16: 5 | F16: 5 | G16: =IF(NOT(L16),"",IF(N16>=Setup!$C$12,"Bye",INDEX(Setup!$C$16:$C$31,N16+1))) -> Anna | H16: =IF(OR(NOT(L16),O16,E16="",F16=""),"",IF(E16>F16,D16,IF(F16>E16,G16,"Tie"))) -> Tie | J16: =IF(Setup!$C$13=0,"",INT(10/((Setup!$C$13+1)/2))) -> 2 | K16: =IF(Setup!$C$13=0,"",MOD(10,(Setup!$C$13+1)/2)) -> 2 | L16: =AND(Setup!$C$13>0,J16<Setup!$C$13) -> TRUE | M16: =IF(NOT(L16),"",IF(K16=0,J16,MOD(J16+K16,Setup!$C$13))) -> 4 | N16: =IF(NOT(L16),"",IF(K16=0,Setup!$C$13,MOD(J16-K16+Setup!$C$13,Setup!$C$13))) -> 0 | O16: =AND(L16,OR(M16>=Setup!$C$12,N16>=Setup!$C$12)) -> FALSE | P16: =IF(AND(L16,NOT(O16),E16<>"",F16<>""),1,0) -> 1 | Q16: =IF(L16,D16&"|"&G16,"") -> Elena|Anna | R16: =IF(L16,G16&"|"&D16,"") -> Anna|Elena
B17: =IF(L17,J17+1,"") -> 3 | C17: =IF(NOT(L17),"",IF(O17,"Bye",IF(IF(MOD(Setup!$C$12,2)=1,K17,K17+1)>Setup!$C$8,"Next free",IF(MOD(Setup!$C$12,2)=1,K17,K17+1)))) -> 3 | D17: =IF(NOT(L17),"",IF(M17>=Setup!$C$12,"Bye",INDEX(Setup!$C$16:$C$31,M17+1))) -> Felix | E17: 6 | F17: 0 | G17: =IF(NOT(L17),"",IF(N17>=Setup!$C$12,"Bye",INDEX(Setup!$C$16:$C$31,N17+1))) -> Grace | H17: =IF(OR(NOT(L17),O17,E17="",F17=""),"",IF(E17>F17,D17,IF(F17>E17,G17,"Tie"))) -> Felix | J17: =IF(Setup!$C$13=0,"",INT(11/((Setup!$C$13+1)/2))) -> 2 | K17: =IF(Setup!$C$13=0,"",MOD(11,(Setup!$C$13+1)/2)) -> 3 | L17: =AND(Setup!$C$13>0,J17<Setup!$C$13) -> TRUE | M17: =IF(NOT(L17),"",IF(K17=0,J17,MOD(J17+K17,Setup!$C$13))) -> 5 | N17: =IF(NOT(L17),"",IF(K17=0,Setup!$C$13,MOD(J17-K17+Setup!$C$13,Setup!$C$13))) -> 6 | O17: =AND(L17,OR(M17>=Setup!$C$12,N17>=Setup!$C$12)) -> FALSE | P17: =IF(AND(L17,NOT(O17),E17<>"",F17<>""),1,0) -> 1 | Q17: =IF(L17,D17&"|"&G17,"") -> Felix|Grace | R17: =IF(L17,G17&"|"&D17,"") -> Grace|Felix
B18: =IF(L18,J18+1,"") -> 4 | C18: =IF(NOT(L18),"",IF(O18,"Bye",IF(IF(MOD(Setup!$C$12,2)=1,K18,K18+1)>Setup!$C$8,"Next free",IF(MOD(Setup!$C$12,2)=1,K18,K18+1)))) -> Bye | D18: =IF(NOT(L18),"",IF(M18>=Setup!$C$12,"Bye",INDEX(Setup!$C$16:$C$31,M18+1))) -> David | G18: =IF(NOT(L18),"",IF(N18>=Setup!$C$12,"Bye",INDEX(Setup!$C$16:$C$31,N18+1))) -> Bye | H18: =IF(OR(NOT(L18),O18,E18="",F18=""),"",IF(E18>F18,D18,IF(F18>E18,G18,"Tie"))) | J18: =IF(Setup!$C$13=0,"",INT(12/((Setup!$C$13+1)/2))) -> 3 | K18: =IF(Setup!$C$13=0,"",MOD(12,(Setup!$C$13+1)/2)) -> 0 | L18: =AND(Setup!$C$13>0,J18<Setup!$C$13) -> TRUE | M18: =IF(NOT(L18),"",IF(K18=0,J18,MOD(J18+K18,Setup!$C$13))) -> 3 | N18: =IF(NOT(L18),"",IF(K18=0,Setup!$C$13,MOD(J18-K18+Setup!$C$13,Setup!$C$13))) -> 7 | O18: =AND(L18,OR(M18>=Setup!$C$12,N18>=Setup!$C$12)) -> TRUE | P18: =IF(AND(L18,NOT(O18),E18<>"",F18<>""),1,0) -> 0 | Q18: =IF(L18,D18&"|"&G18,"") -> David|Bye | R18: =IF(L18,G18&"|"&D18,"") -> Bye|David
B19: =IF(L19,J19+1,"") -> 4 | C19: =IF(NOT(L19),"",IF(O19,"Bye",IF(IF(MOD(Setup!$C$12,2)=1,K19,K19+1)>Setup!$C$8,"Next free",IF(MOD(Setup!$C$12,2)=1,K19,K19+1)))) -> 1 | D19: =IF(NOT(L19),"",IF(M19>=Setup!$C$12,"Bye",INDEX(Setup!$C$16:$C$31,M19+1))) -> Elena | G19: =IF(NOT(L19),"",IF(N19>=Setup!$C$12,"Bye",INDEX(Setup!$C$16:$C$31,N19+1))) -> Carla | H19: =IF(OR(NOT(L19),O19,E19="",F19=""),"",IF(E19>F19,D19,IF(F19>E19,G19,"Tie"))) | J19: =IF(Setup!$C$13=0,"",INT(13/((Setup!$C$13+1)/2))) -> 3 | K19: =IF(Setup!$C$13=0,"",MOD(13,(Setup!$C$13+1)/2)) -> 1 | L19: =AND(Setup!$C$13>0,J19<Setup!$C$13) -> TRUE | M19: =IF(NOT(L19),"",IF(K19=0,J19,MOD(J19+K19,Setup!$C$13))) -> 4 | N19: =IF(NOT(L19),"",IF(K19=0,Setup!$C$13,MOD(J19-K19+Setup!$C$13,Setup!$C$13))) -> 2 | O19: =AND(L19,OR(M19>=Setup!$C$12,N19>=Setup!$C$12)) -> FALSE | P19: =IF(AND(L19,NOT(O19),E19<>"",F19<>""),1,0) -> 0 | Q19: =IF(L19,D19&"|"&G19,"") -> Elena|Carla | R19: =IF(L19,G19&"|"&D19,"") -> Carla|Elena
B20: =IF(L20,J20+1,"") -> 4 | C20: =IF(NOT(L20),"",IF(O20,"Bye",IF(IF(MOD(Setup!$C$12,2)=1,K20,K20+1)>Setup!$C$8,"Next free",IF(MOD(Setup!$C$12,2)=1,K20,K20+1)))) -> 2 | D20: =IF(NOT(L20),"",IF(M20>=Setup!$C$12,"Bye",INDEX(Setup!$C$16:$C$31,M20+1))) -> Felix | G20: =IF(NOT(L20),"",IF(N20>=Setup!$C$12,"Bye",INDEX(Setup!$C$16:$C$31,N20+1))) -> Ben | H20: =IF(OR(NOT(L20),O20,E20="",F20=""),"",IF(E20>F20,D20,IF(F20>E20,G20,"Tie"))) | J20: =IF(Setup!$C$13=0,"",INT(14/((Setup!$C$13+1)/2))) -> 3 | K20: =IF(Setup!$C$13=0,"",MOD(14,(Setup!$C$13+1)/2)) -> 2 | L20: =AND(Setup!$C$13>0,J20<Setup!$C$13) -> TRUE | M20: =IF(NOT(L20),"",IF(K20=0,J20,MOD(J20+K20,Setup!$C$13))) -> 5 | N20: =IF(NOT(L20),"",IF(K20=0,Setup!$C$13,MOD(J20-K20+Setup!$C$13,Setup!$C$13))) -> 1 | O20: =AND(L20,OR(M20>=Setup!$C$12,N20>=Setup!$C$12)) -> FALSE | P20: =IF(AND(L20,NOT(O20),E20<>"",F20<>""),1,0) -> 0 | Q20: =IF(L20,D20&"|"&G20,"") -> Felix|Ben | R20: =IF(L20,G20&"|"&D20,"") -> Ben|Felix
B21: =IF(L21,J21+1,"") -> 4 | C21: =IF(NOT(L21),"",IF(O21,"Bye",IF(IF(MOD(Setup!$C$12,2)=1,K21,K21+1)>Setup!$C$8,"Next free",IF(MOD(Setup!$C$12,2)=1,K21,K21+1)))) -> 3 | D21: =IF(NOT(L21),"",IF(M21>=Setup!$C$12,"Bye",INDEX(Setup!$C$16:$C$31,M21+1))) -> Grace | G21: =IF(NOT(L21),"",IF(N21>=Setup!$C$12,"Bye",INDEX(Setup!$C$16:$C$31,N21+1))) -> Anna | H21: =IF(OR(NOT(L21),O21,E21="",F21=""),"",IF(E21>F21,D21,IF(F21>E21,G21,"Tie"))) | J21: =IF(Setup!$C$13=0,"",INT(15/((Setup!$C$13+1)/2))) -> 3 | K21: =IF(Setup!$C$13=0,"",MOD(15,(Setup!$C$13+1)/2)) -> 3 | L21: =AND(Setup!$C$13>0,J21<Setup!$C$13) -> TRUE | M21: =IF(NOT(L21),"",IF(K21=0,J21,MOD(J21+K21,Setup!$C$13))) -> 6 | N21: =IF(NOT(L21),"",IF(K21=0,Setup!$C$13,MOD(J21-K21+Setup!$C$13,Setup!$C$13))) -> 0 | O21: =AND(L21,OR(M21>=Setup!$C$12,N21>=Setup!$C$12)) -> FALSE | P21: =IF(AND(L21,NOT(O21),E21<>"",F21<>""),1,0) -> 0 | Q21: =IF(L21,D21&"|"&G21,"") -> Grace|Anna | R21: =IF(L21,G21&"|"&D21,"") -> Anna|Grace
B22: =IF(L22,J22+1,"") -> 5 | C22: =IF(NOT(L22),"",IF(O22,"Bye",IF(IF(MOD(Setup!$C$12,2)=1,K22,K22+1)>Setup!$C$8,"Next free",IF(MOD(Setup!$C$12,2)=1,K22,K22+1)))) -> Bye | D22: =IF(NOT(L22),"",IF(M22>=Setup!$C$12,"Bye",INDEX(Setup!$C$16:$C$31,M22+1))) -> Elena | G22: =IF(NOT(L22),"",IF(N22>=Setup!$C$12,"Bye",INDEX(Setup!$C$16:$C$31,N22+1))) -> Bye | H22: =IF(OR(NOT(L22),O22,E22="",F22=""),"",IF(E22>F22,D22,IF(F22>E22,G22,"Tie"))) | J22: =IF(Setup!$C$13=0,"",INT(16/((Setup!$C$13+1)/2))) -> 4 | K22: =IF(Setup!$C$13=0,"",MOD(16,(Setup!$C$13+1)/2)) -> 0 | L22: =AND(Setup!$C$13>0,J22<Setup!$C$13) -> TRUE | M22: =IF(NOT(L22),"",IF(K22=0,J22,MOD(J22+K22,Setup!$C$13))) -> 4 | N22: =IF(NOT(L22),"",IF(K22=0,Setup!$C$13,MOD(J22-K22+Setup!$C$13,Setup!$C$13))) -> 7 | O22: =AND(L22,OR(M22>=Setup!$C$12,N22>=Setup!$C$12)) -> TRUE | P22: =IF(AND(L22,NOT(O22),E22<>"",F22<>""),1,0) -> 0 | Q22: =IF(L22,D22&"|"&G22,"") -> Elena|Bye | R22: =IF(L22,G22&"|"&D22,"") -> Bye|Elena
B23: =IF(L23,J23+1,"") -> 5 | C23: =IF(NOT(L23),"",IF(O23,"Bye",IF(IF(MOD(Setup!$C$12,2)=1,K23,K23+1)>Setup!$C$8,"Next free",IF(MOD(Setup!$C$12,2)=1,K23,K23+1)))) -> 1 | D23: =IF(NOT(L23),"",IF(M23>=Setup!$C$12,"Bye",INDEX(Setup!$C$16:$C$31,M23+1))) -> Felix | G23: =IF(NOT(L23),"",IF(N23>=Setup!$C$12,"Bye",INDEX(Setup!$C$16:$C$31,N23+1))) -> David | H23: =IF(OR(NOT(L23),O23,E23="",F23=""),"",IF(E23>F23,D23,IF(F23>E23,G23,"Tie"))) | J23: =IF(Setup!$C$13=0,"",INT(17/((Setup!$C$13+1)/2))) -> 4 | K23: =IF(Setup!$C$13=0,"",MOD(17,(Setup!$C$13+1)/2)) -> 1 | L23: =AND(Setup!$C$13>0,J23<Setup!$C$13) -> TRUE | M23: =IF(NOT(L23),"",IF(K23=0,J23,MOD(J23+K23,Setup!$C$13))) -> 5 | N23: =IF(NOT(L23),"",IF(K23=0,Setup!$C$13,MOD(J23-K23+Setup!$C$13,Setup!$C$13))) -> 3 | O23: =AND(L23,OR(M23>=Setup!$C$12,N23>=Setup!$C$12)) -> FALSE | P23: =IF(AND(L23,NOT(O23),E23<>"",F23<>""),1,0) -> 0 | Q23: =IF(L23,D23&"|"&G23,"") -> Felix|David | R23: =IF(L23,G23&"|"&D23,"") -> David|Felix
B24: =IF(L24,J24+1,"") -> 5 | C24: =IF(NOT(L24),"",IF(O24,"Bye",IF(IF(MOD(Setup!$C$12,2)=1,K24,K24+1)>Setup!$C$8,"Next free",IF(MOD(Setup!$C$12,2)=1,K24,K24+1)))) -> 2 | D24: =IF(NOT(L24),"",IF(M24>=Setup!$C$12,"Bye",INDEX(Setup!$C$16:$C$31,M24+1))) -> Grace | G24: =IF(NOT(L24),"",IF(N24>=Setup!$C$12,"Bye",INDEX(Setup!$C$16:$C$31,N24+1))) -> Carla | H24: =IF(OR(NOT(L24),O24,E24="",F24=""),"",IF(E24>F24,D24,IF(F24>E24,G24,"Tie"))) | J24: =IF(Setup!$C$13=0,"",INT(18/((Setup!$C$13+1)/2))) -> 4 | K24: =IF(Setup!$C$13=0,"",MOD(18,(Setup!$C$13+1)/2)) -> 2 | L24: =AND(Setup!$C$13>0,J24<Setup!$C$13) -> TRUE | M24: =IF(NOT(L24),"",IF(K24=0,J24,MOD(J24+K24,Setup!$C$13))) -> 6 | N24: =IF(NOT(L24),"",IF(K24=0,Setup!$C$13,MOD(J24-K24+Setup!$C$13,Setup!$C$13))) -> 2 | O24: =AND(L24,OR(M24>=Setup!$C$12,N24>=Setup!$C$12)) -> FALSE | P24: =IF(AND(L24,NOT(O24),E24<>"",F24<>""),1,0) -> 0 | Q24: =IF(L24,D24&"|"&G24,"") -> Grace|Carla | R24: =IF(L24,G24&"|"&D24,"") -> Carla|Grace
B25: =IF(L25,J25+1,"") -> 5 | C25: =IF(NOT(L25),"",IF(O25,"Bye",IF(IF(MOD(Setup!$C$12,2)=1,K25,K25+1)>Setup!$C$8,"Next free",IF(MOD(Setup!$C$12,2)=1,K25,K25+1)))) -> 3 | D25: =IF(NOT(L25),"",IF(M25>=Setup!$C$12,"Bye",INDEX(Setup!$C$16:$C$31,M25+1))) -> Anna | G25: =IF(NOT(L25),"",IF(N25>=Setup!$C$12,"Bye",INDEX(Setup!$C$16:$C$31,N25+1))) -> Ben | H25: =IF(OR(NOT(L25),O25,E25="",F25=""),"",IF(E25>F25,D25,IF(F25>E25,G25,"Tie"))) | J25: =IF(Setup!$C$13=0,"",INT(19/((Setup!$C$13+1)/2))) -> 4 | K25: =IF(Setup!$C$13=0,"",MOD(19,(Setup!$C$13+1)/2)) -> 3 | L25: =AND(Setup!$C$13>0,J25<Setup!$C$13) -> TRUE | M25: =IF(NOT(L25),"",IF(K25=0,J25,MOD(J25+K25,Setup!$C$13))) -> 0 | N25: =IF(NOT(L25),"",IF(K25=0,Setup!$C$13,MOD(J25-K25+Setup!$C$13,Setup!$C$13))) -> 1 | O25: =AND(L25,OR(M25>=Setup!$C$12,N25>=Setup!$C$12)) -> FALSE | P25: =IF(AND(L25,NOT(O25),E25<>"",F25<>""),1,0) -> 0 | Q25: =IF(L25,D25&"|"&G25,"") -> Anna|Ben | R25: =IF(L25,G25&"|"&D25,"") -> Ben|Anna
B26: =IF(L26,J26+1,"") -> 6 | C26: =IF(NOT(L26),"",IF(O26,"Bye",IF(IF(MOD(Setup!$C$12,2)=1,K26,K26+1)>Setup!$C$8,"Next free",IF(MOD(Setup!$C$12,2)=1,K26,K26+1)))) -> Bye | D26: =IF(NOT(L26),"",IF(M26>=Setup!$C$12,"Bye",INDEX(Setup!$C$16:$C$31,M26+1))) -> Felix | G26: =IF(NOT(L26),"",IF(N26>=Setup!$C$12,"Bye",INDEX(Setup!$C$16:$C$31,N26+1))) -> Bye | H26: =IF(OR(NOT(L26),O26,E26="",F26=""),"",IF(E26>F26,D26,IF(F26>E26,G26,"Tie"))) | J26: =IF(Setup!$C$13=0,"",INT(20/((Setup!$C$13+1)/2))) -> 5 | K26: =IF(Setup!$C$13=0,"",MOD(20,(Setup!$C$13+1)/2)) -> 0 | L26: =AND(Setup!$C$13>0,J26<Setup!$C$13) -> TRUE | M26: =IF(NOT(L26),"",IF(K26=0,J26,MOD(J26+K26,Setup!$C$13))) -> 5 | N26: =IF(NOT(L26),"",IF(K26=0,Setup!$C$13,MOD(J26-K26+Setup!$C$13,Setup!$C$13))) -> 7 | O26: =AND(L26,OR(M26>=Setup!$C$12,N26>=Setup!$C$12)) -> TRUE | P26: =IF(AND(L26,NOT(O26),E26<>"",F26<>""),1,0) -> 0 | Q26: =IF(L26,D26&"|"&G26,"") -> Felix|Bye | R26: =IF(L26,G26&"|"&D26,"") -> Bye|Felix
B27: =IF(L27,J27+1,"") -> 6 | C27: =IF(NOT(L27),"",IF(O27,"Bye",IF(IF(MOD(Setup!$C$12,2)=1,K27,K27+1)>Setup!$C$8,"Next free",IF(MOD(Setup!$C$12,2)=1,K27,K27+1)))) -> 1 | D27: =IF(NOT(L27),"",IF(M27>=Setup!$C$12,"Bye",INDEX(Setup!$C$16:$C$31,M27+1))) -> Grace | G27: =IF(NOT(L27),"",IF(N27>=Setup!$C$12,"Bye",INDEX(Setup!$C$16:$C$31,N27+1))) -> Elena | H27: =IF(OR(NOT(L27),O27,E27="",F27=""),"",IF(E27>F27,D27,IF(F27>E27,G27,"Tie"))) | J27: =IF(Setup!$C$13=0,"",INT(21/((Setup!$C$13+1)/2))) -> 5 | K27: =IF(Setup!$C$13=0,"",MOD(21,(Setup!$C$13+1)/2)) -> 1 | L27: =AND(Setup!$C$13>0,J27<Setup!$C$13) -> TRUE | M27: =IF(NOT(L27),"",IF(K27=0,J27,MOD(J27+K27,Setup!$C$13))) -> 6 | N27: =IF(NOT(L27),"",IF(K27=0,Setup!$C$13,MOD(J27-K27+Setup!$C$13,Setup!$C$13))) -> 4 | O27: =AND(L27,OR(M27>=Setup!$C$12,N27>=Setup!$C$12)) -> FALSE | P27: =IF(AND(L27,NOT(O27),E27<>"",F27<>""),1,0) -> 0 | Q27: =IF(L27,D27&"|"&G27,"") -> Grace|Elena | R27: =IF(L27,G27&"|"&D27,"") -> Elena|Grace
B28: =IF(L28,J28+1,"") -> 6 | C28: =IF(NOT(L28),"",IF(O28,"Bye",IF(IF(MOD(Setup!$C$12,2)=1,K28,K28+1)>Setup!$C$8,"Next free",IF(MOD(Setup!$C$12,2)=1,K28,K28+1)))) -> 2 | D28: =IF(NOT(L28),"",IF(M28>=Setup!$C$12,"Bye",INDEX(Setup!$C$16:$C$31,M28+1))) -> Anna | G28: =IF(NOT(L28),"",IF(N28>=Setup!$C$12,"Bye",INDEX(Setup!$C$16:$C$31,N28+1))) -> David | H28: =IF(OR(NOT(L28),O28,E28="",F28=""),"",IF(E28>F28,D28,IF(F28>E28,G28,"Tie"))) | J28: =IF(Setup!$C$13=0,"",INT(22/((Setup!$C$13+1)/2))) -> 5 | K28: =IF(Setup!$C$13=0,"",MOD(22,(Setup!$C$13+1)/2)) -> 2 | L28: =AND(Setup!$C$13>0,J28<Setup!$C$13) -> TRUE | M28: =IF(NOT(L28),"",IF(K28=0,J28,MOD(J28+K28,Setup!$C$13))) -> 0 | N28: =IF(NOT(L28),"",IF(K28=0,Setup!$C$13,MOD(J28-K28+Setup!$C$13,Setup!$C$13))) -> 3 | O28: =AND(L28,OR(M28>=Setup!$C$12,N28>=Setup!$C$12)) -> FALSE | P28: =IF(AND(L28,NOT(O28),E28<>"",F28<>""),1,0) -> 0 | Q28: =IF(L28,D28&"|"&G28,"") -> Anna|David | R28: =IF(L28,G28&"|"&D28,"") -> David|Anna
B29: =IF(L29,J29+1,"") -> 6 | C29: =IF(NOT(L29),"",IF(O29,"Bye",IF(IF(MOD(Setup!$C$12,2)=1,K29,K29+1)>Setup!$C$8,"Next free",IF(MOD(Setup!$C$12,2)=1,K29,K29+1)))) -> 3 | D29: =IF(NOT(L29),"",IF(M29>=Setup!$C$12,"Bye",INDEX(Setup!$C$16:$C$31,M29+1))) -> Ben | G29: =IF(NOT(L29),"",IF(N29>=Setup!$C$12,"Bye",INDEX(Setup!$C$16:$C$31,N29+1))) -> Carla | H29: =IF(OR(NOT(L29),O29,E29="",F29=""),"",IF(E29>F29,D29,IF(F29>E29,G29,"Tie"))) | J29: =IF(Setup!$C$13=0,"",INT(23/((Setup!$C$13+1)/2))) -> 5 | K29: =IF(Setup!$C$13=0,"",MOD(23,(Setup!$C$13+1)/2)) -> 3 | L29: =AND(Setup!$C$13>0,J29<Setup!$C$13) -> TRUE | M29: =IF(NOT(L29),"",IF(K29=0,J29,MOD(J29+K29,Setup!$C$13))) -> 1 | N29: =IF(NOT(L29),"",IF(K29=0,Setup!$C$13,MOD(J29-K29+Setup!$C$13,Setup!$C$13))) -> 2 | O29: =AND(L29,OR(M29>=Setup!$C$12,N29>=Setup!$C$12)) -> FALSE | P29: =IF(AND(L29,NOT(O29),E29<>"",F29<>""),1,0) -> 0 | Q29: =IF(L29,D29&"|"&G29,"") -> Ben|Carla | R29: =IF(L29,G29&"|"&D29,"") -> Carla|Ben
B30: =IF(L30,J30+1,"") -> 7 | C30: =IF(NOT(L30),"",IF(O30,"Bye",IF(IF(MOD(Setup!$C$12,2)=1,K30,K30+1)>Setup!$C$8,"Next free",IF(MOD(Setup!$C$12,2)=1,K30,K30+1)))) -> Bye | D30: =IF(NOT(L30),"",IF(M30>=Setup!$C$12,"Bye",INDEX(Setup!$C$16:$C$31,M30+1))) -> Grace | G30: =IF(NOT(L30),"",IF(N30>=Setup!$C$12,"Bye",INDEX(Setup!$C$16:$C$31,N30+1))) -> Bye | H30: =IF(OR(NOT(L30),O30,E30="",F30=""),"",IF(E30>F30,D30,IF(F30>E30,G30,"Tie"))) | J30: =IF(Setup!$C$13=0,"",INT(24/((Setup!$C$13+1)/2))) -> 6 | K30: =IF(Setup!$C$13=0,"",MOD(24,(Setup!$C$13+1)/2)) -> 0 | L30: =AND(Setup!$C$13>0,J30<Setup!$C$13) -> TRUE | M30: =IF(NOT(L30),"",IF(K30=0,J30,MOD(J30+K30,Setup!$C$13))) -> 6 | N30: =IF(NOT(L30),"",IF(K30=0,Setup!$C$13,MOD(J30-K30+Setup!$C$13,Setup!$C$13))) -> 7 | O30: =AND(L30,OR(M30>=Setup!$C$12,N30>=Setup!$C$12)) -> TRUE | P30: =IF(AND(L30,NOT(O30),E30<>"",F30<>""),1,0) -> 0 | Q30: =IF(L30,D30&"|"&G30,"") -> Grace|Bye | R30: =IF(L30,G30&"|"&D30,"") -> Bye|Grace
B31: =IF(L31,J31+1,"") -> 7 | C31: =IF(NOT(L31),"",IF(O31,"Bye",IF(IF(MOD(Setup!$C$12,2)=1,K31,K31+1)>Setup!$C$8,"Next free",IF(MOD(Setup!$C$12,2)=1,K31,K31+1)))) -> 1 | D31: =IF(NOT(L31),"",IF(M31>=Setup!$C$12,"Bye",INDEX(Setup!$C$16:$C$31,M31+1))) -> Anna | G31: =IF(NOT(L31),"",IF(N31>=Setup!$C$12,"Bye",INDEX(Setup!$C$16:$C$31,N31+1))) -> Felix | H31: =IF(OR(NOT(L31),O31,E31="",F31=""),"",IF(E31>F31,D31,IF(F31>E31,G31,"Tie"))) | J31: =IF(Setup!$C$13=0,"",INT(25/((Setup!$C$13+1)/2))) -> 6 | K31: =IF(Setup!$C$13=0,"",MOD(25,(Setup!$C$13+1)/2)) -> 1 | L31: =AND(Setup!$C$13>0,J31<Setup!$C$13) -> TRUE | M31: =IF(NOT(L31),"",IF(K31=0,J31,MOD(J31+K31,Setup!$C$13))) -> 0 | N31: =IF(NOT(L31),"",IF(K31=0,Setup!$C$13,MOD(J31-K31+Setup!$C$13,Setup!$C$13))) -> 5 | O31: =AND(L31,OR(M31>=Setup!$C$12,N31>=Setup!$C$12)) -> FALSE | P31: =IF(AND(L31,NOT(O31),E31<>"",F31<>""),1,0) -> 0 | Q31: =IF(L31,D31&"|"&G31,"") -> Anna|Felix | R31: =IF(L31,G31&"|"&D31,"") -> Felix|Anna
B32: =IF(L32,J32+1,"") -> 7 | C32: =IF(NOT(L32),"",IF(O32,"Bye",IF(IF(MOD(Setup!$C$12,2)=1,K32,K32+1)>Setup!$C$8,"Next free",IF(MOD(Setup!$C$12,2)=1,K32,K32+1)))) -> 2 | D32: =IF(NOT(L32),"",IF(M32>=Setup!$C$12,"Bye",INDEX(Setup!$C$16:$C$31,M32+1))) -> Ben | G32: =IF(NOT(L32),"",IF(N32>=Setup!$C$12,"Bye",INDEX(Setup!$C$16:$C$31,N32+1))) -> Elena | H32: =IF(OR(NOT(L32),O32,E32="",F32=""),"",IF(E32>F32,D32,IF(F32>E32,G32,"Tie"))) | J32: =IF(Setup!$C$13=0,"",INT(26/((Setup!$C$13+1)/2))) -> 6 | K32: =IF(Setup!$C$13=0,"",MOD(26,(Setup!$C$13+1)/2)) -> 2 | L32: =AND(Setup!$C$13>0,J32<Setup!$C$13) -> TRUE | M32: =IF(NOT(L32),"",IF(K32=0,J32,MOD(J32+K32,Setup!$C$13))) -> 1 | N32: =IF(NOT(L32),"",IF(K32=0,Setup!$C$13,MOD(J32-K32+Setup!$C$13,Setup!$C$13))) -> 4 | O32: =AND(L32,OR(M32>=Setup!$C$12,N32>=Setup!$C$12)) -> FALSE | P32: =IF(AND(L32,NOT(O32),E32<>"",F32<>""),1,0) -> 0 | Q32: =IF(L32,D32&"|"&G32,"") -> Ben|Elena | R32: =IF(L32,G32&"|"&D32,"") -> Elena|Ben
B33: =IF(L33,J33+1,"") -> 7 | C33: =IF(NOT(L33),"",IF(O33,"Bye",IF(IF(MOD(Setup!$C$12,2)=1,K33,K33+1)>Setup!$C$8,"Next free",IF(MOD(Setup!$C$12,2)=1,K33,K33+1)))) -> 3 | D33: =IF(NOT(L33),"",IF(M33>=Setup!$C$12,"Bye",INDEX(Setup!$C$16:$C$31,M33+1))) -> Carla | G33: =IF(NOT(L33),"",IF(N33>=Setup!$C$12,"Bye",INDEX(Setup!$C$16:$C$31,N33+1))) -> David | H33: =IF(OR(NOT(L33),O33,E33="",F33=""),"",IF(E33>F33,D33,IF(F33>E33,G33,"Tie"))) | J33: =IF(Setup!$C$13=0,"",INT(27/((Setup!$C$13+1)/2))) -> 6 | K33: =IF(Setup!$C$13=0,"",MOD(27,(Setup!$C$13+1)/2)) -> 3 | L33: =AND(Setup!$C$13>0,J33<Setup!$C$13) -> TRUE | M33: =IF(NOT(L33),"",IF(K33=0,J33,MOD(J33+K33,Setup!$C$13))) -> 2 | N33: =IF(NOT(L33),"",IF(K33=0,Setup!$C$13,MOD(J33-K33+Setup!$C$13,Setup!$C$13))) -> 3 | O33: =AND(L33,OR(M33>=Setup!$C$12,N33>=Setup!$C$12)) -> FALSE | P33: =IF(AND(L33,NOT(O33),E33<>"",F33<>""),1,0) -> 0 | Q33: =IF(L33,D33&"|"&G33,"") -> Carla|David | R33: =IF(L33,G33&"|"&D33,"") -> David|Carla
B34: =IF(L34,J34+1,"") | C34: =IF(NOT(L34),"",IF(O34,"Bye",IF(IF(MOD(Setup!$C$12,2)=1,K34,K34+1)>Setup!$C$8,"Next free",IF(MOD(Setup!$C$12,2)=1,K34,K34+1)))) | D34: =IF(NOT(L34),"",IF(M34>=Setup!$C$12,"Bye",INDEX(Setup!$C$16:$C$31,M34+1))) | G34: =IF(NOT(L34),"",IF(N34>=Setup!$C$12,"Bye",INDEX(Setup!$C$16:$C$31,N34+1))) | H34: =IF(OR(NOT(L34),O34,E34="",F34=""),"",IF(E34>F34,D34,IF(F34>E34,G34,"Tie"))) | J34: =IF(Setup!$C$13=0,"",INT(28/((Setup!$C$13+1)/2))) -> 7 | K34: =IF(Setup!$C$13=0,"",MOD(28,(Setup!$C$13+1)/2)) -> 0 | L34: =AND(Setup!$C$13>0,J34<Setup!$C$13) -> FALSE | M34: =IF(NOT(L34),"",IF(K34=0,J34,MOD(J34+K34,Setup!$C$13))) | N34: =IF(NOT(L34),"",IF(K34=0,Setup!$C$13,MOD(J34-K34+Setup!$C$13,Setup!$C$13))) | O34: =AND(L34,OR(M34>=Setup!$C$12,N34>=Setup!$C$12)) -> FALSE | P34: =IF(AND(L34,NOT(O34),E34<>"",F34<>""),1,0) -> 0 | Q34: =IF(L34,D34&"|"&G34,"") | R34: =IF(L34,G34&"|"&D34,"")
B35: =IF(L35,J35+1,"") | C35: =IF(NOT(L35),"",IF(O35,"Bye",IF(IF(MOD(Setup!$C$12,2)=1,K35,K35+1)>Setup!$C$8,"Next free",IF(MOD(Setup!$C$12,2)=1,K35,K35+1)))) | D35: =IF(NOT(L35),"",IF(M35>=Setup!$C$12,"Bye",INDEX(Setup!$C$16:$C$31,M35+1))) | G35: =IF(NOT(L35),"",IF(N35>=Setup!$C$12,"Bye",INDEX(Setup!$C$16:$C$31,N35+1))) | H35: =IF(OR(NOT(L35),O35,E35="",F35=""),"",IF(E35>F35,D35,IF(F35>E35,G35,"Tie"))) | J35: =IF(Setup!$C$13=0,"",INT(29/((Setup!$C$13+1)/2))) -> 7 | K35: =IF(Setup!$C$13=0,"",MOD(29,(Setup!$C$13+1)/2)) -> 1 | L35: =AND(Setup!$C$13>0,J35<Setup!$C$13) -> FALSE | M35: =IF(NOT(L35),"",IF(K35=0,J35,MOD(J35+K35,Setup!$C$13))) | N35: =IF(NOT(L35),"",IF(K35=0,Setup!$C$13,MOD(J35-K35+Setup!$C$13,Setup!$C$13))) | O35: =AND(L35,OR(M35>=Setup!$C$12,N35>=Setup!$C$12)) -> FALSE | P35: =IF(AND(L35,NOT(O35),E35<>"",F35<>""),1,0) -> 0 | Q35: =IF(L35,D35&"|"&G35,"") | R35: =IF(L35,G35&"|"&D35,"")
B36: =IF(L36,J36+1,"") | C36: =IF(NOT(L36),"",IF(O36,"Bye",IF(IF(MOD(Setup!$C$12,2)=1,K36,K36+1)>Setup!$C$8,"Next free",IF(MOD(Setup!$C$12,2)=1,K36,K36+1)))) | D36: =IF(NOT(L36),"",IF(M36>=Setup!$C$12,"Bye",INDEX(Setup!$C$16:$C$31,M36+1))) | G36: =IF(NOT(L36),"",IF(N36>=Setup!$C$12,"Bye",INDEX(Setup!$C$16:$C$31,N36+1))) | H36: =IF(OR(NOT(L36),O36,E36="",F36=""),"",IF(E36>F36,D36,IF(F36>E36,G36,"Tie"))) | J36: =IF(Setup!$C$13=0,"",INT(30/((Setup!$C$13+1)/2))) -> 7 | K36: =IF(Setup!$C$13=0,"",MOD(30,(Setup!$C$13+1)/2)) -> 2 | L36: =AND(Setup!$C$13>0,J36<Setup!$C$13) -> FALSE | M36: =IF(NOT(L36),"",IF(K36=0,J36,MOD(J36+K36,Setup!$C$13))) | N36: =IF(NOT(L36),"",IF(K36=0,Setup!$C$13,MOD(J36-K36+Setup!$C$13,Setup!$C$13))) | O36: =AND(L36,OR(M36>=Setup!$C$12,N36>=Setup!$C$12)) -> FALSE | P36: =IF(AND(L36,NOT(O36),E36<>"",F36<>""),1,0) -> 0 | Q36: =IF(L36,D36&"|"&G36,"") | R36: =IF(L36,G36&"|"&D36,"")
B37: =IF(L37,J37+1,"") | C37: =IF(NOT(L37),"",IF(O37,"Bye",IF(IF(MOD(Setup!$C$12,2)=1,K37,K37+1)>Setup!$C$8,"Next free",IF(MOD(Setup!$C$12,2)=1,K37,K37+1)))) | D37: =IF(NOT(L37),"",IF(M37>=Setup!$C$12,"Bye",INDEX(Setup!$C$16:$C$31,M37+1))) | G37: =IF(NOT(L37),"",IF(N37>=Setup!$C$12,"Bye",INDEX(Setup!$C$16:$C$31,N37+1))) | H37: =IF(OR(NOT(L37),O37,E37="",F37=""),"",IF(E37>F37,D37,IF(F37>E37,G37,"Tie"))) | J37: =IF(Setup!$C$13=0,"",INT(31/((Setup!$C$13+1)/2))) -> 7 | K37: =IF(Setup!$C$13=0,"",MOD(31,(Setup!$C$13+1)/2)) -> 3 | L37: =AND(Setup!$C$13>0,J37<Setup!$C$13) -> FALSE | M37: =IF(NOT(L37),"",IF(K37=0,J37,MOD(J37+K37,Setup!$C$13))) | N37: =IF(NOT(L37),"",IF(K37=0,Setup!$C$13,MOD(J37-K37+Setup!$C$13,Setup!$C$13))) | O37: =AND(L37,OR(M37>=Setup!$C$12,N37>=Setup!$C$12)) -> FALSE | P37: =IF(AND(L37,NOT(O37),E37<>"",F37<>""),1,0) -> 0 | Q37: =IF(L37,D37&"|"&G37,"") | R37: =IF(L37,G37&"|"&D37,"")
B38: =IF(L38,J38+1,"") | C38: =IF(NOT(L38),"",IF(O38,"Bye",IF(IF(MOD(Setup!$C$12,2)=1,K38,K38+1)>Setup!$C$8,"Next free",IF(MOD(Setup!$C$12,2)=1,K38,K38+1)))) | D38: =IF(NOT(L38),"",IF(M38>=Setup!$C$12,"Bye",INDEX(Setup!$C$16:$C$31,M38+1))) | G38: =IF(NOT(L38),"",IF(N38>=Setup!$C$12,"Bye",INDEX(Setup!$C$16:$C$31,N38+1))) | H38: =IF(OR(NOT(L38),O38,E38="",F38=""),"",IF(E38>F38,D38,IF(F38>E38,G38,"Tie"))) | J38: =IF(Setup!$C$13=0,"",INT(32/((Setup!$C$13+1)/2))) -> 8 | K38: =IF(Setup!$C$13=0,"",MOD(32,(Setup!$C$13+1)/2)) -> 0 | L38: =AND(Setup!$C$13>0,J38<Setup!$C$13) -> FALSE | M38: =IF(NOT(L38),"",IF(K38=0,J38,MOD(J38+K38,Setup!$C$13))) | N38: =IF(NOT(L38),"",IF(K38=0,Setup!$C$13,MOD(J38-K38+Setup!$C$13,Setup!$C$13))) | O38: =AND(L38,OR(M38>=Setup!$C$12,N38>=Setup!$C$12)) -> FALSE | P38: =IF(AND(L38,NOT(O38),E38<>"",F38<>""),1,0) -> 0 | Q38: =IF(L38,D38&"|"&G38,"") | R38: =IF(L38,G38&"|"&D38,"")
B39: =IF(L39,J39+1,"") | C39: =IF(NOT(L39),"",IF(O39,"Bye",IF(IF(MOD(Setup!$C$12,2)=1,K39,K39+1)>Setup!$C$8,"Next free",IF(MOD(Setup!$C$12,2)=1,K39,K39+1)))) | D39: =IF(NOT(L39),"",IF(M39>=Setup!$C$12,"Bye",INDEX(Setup!$C$16:$C$31,M39+1))) | G39: =IF(NOT(L39),"",IF(N39>=Setup!$C$12,"Bye",INDEX(Setup!$C$16:$C$31,N39+1))) | H39: =IF(OR(NOT(L39),O39,E39="",F39=""),"",IF(E39>F39,D39,IF(F39>E39,G39,"Tie"))) | J39: =IF(Setup!$C$13=0,"",INT(33/((Setup!$C$13+1)/2))) -> 8 | K39: =IF(Setup!$C$13=0,"",MOD(33,(Setup!$C$13+1)/2)) -> 1 | L39: =AND(Setup!$C$13>0,J39<Setup!$C$13) -> FALSE | M39: =IF(NOT(L39),"",IF(K39=0,J39,MOD(J39+K39,Setup!$C$13))) | N39: =IF(NOT(L39),"",IF(K39=0,Setup!$C$13,MOD(J39-K39+Setup!$C$13,Setup!$C$13))) | O39: =AND(L39,OR(M39>=Setup!$C$12,N39>=Setup!$C$12)) -> FALSE | P39: =IF(AND(L39,NOT(O39),E39<>"",F39<>""),1,0) -> 0 | Q39: =IF(L39,D39&"|"&G39,"") | R39: =IF(L39,G39&"|"&D39,"")
B40: =IF(L40,J40+1,"") | C40: =IF(NOT(L40),"",IF(O40,"Bye",IF(IF(MOD(Setup!$C$12,2)=1,K40,K40+1)>Setup!$C$8,"Next free",IF(MOD(Setup!$C$12,2)=1,K40,K40+1)))) | D40: =IF(NOT(L40),"",IF(M40>=Setup!$C$12,"Bye",INDEX(Setup!$C$16:$C$31,M40+1))) | G40: =IF(NOT(L40),"",IF(N40>=Setup!$C$12,"Bye",INDEX(Setup!$C$16:$C$31,N40+1))) | H40: =IF(OR(NOT(L40),O40,E40="",F40=""),"",IF(E40>F40,D40,IF(F40>E40,G40,"Tie"))) | J40: =IF(Setup!$C$13=0,"",INT(34/((Setup!$C$13+1)/2))) -> 8 | K40: =IF(Setup!$C$13=0,"",MOD(34,(Setup!$C$13+1)/2)) -> 2 | L40: =AND(Setup!$C$13>0,J40<Setup!$C$13) -> FALSE | M40: =IF(NOT(L40),"",IF(K40=0,J40,MOD(J40+K40,Setup!$C$13))) | N40: =IF(NOT(L40),"",IF(K40=0,Setup!$C$13,MOD(J40-K40+Setup!$C$13,Setup!$C$13))) | O40: =AND(L40,OR(M40>=Setup!$C$12,N40>=Setup!$C$12)) -> FALSE | P40: =IF(AND(L40,NOT(O40),E40<>"",F40<>""),1,0) -> 0 | Q40: =IF(L40,D40&"|"&G40,"") | R40: =IF(L40,G40&"|"&D40,"")
B41: =IF(L41,J41+1,"") | C41: =IF(NOT(L41),"",IF(O41,"Bye",IF(IF(MOD(Setup!$C$12,2)=1,K41,K41+1)>Setup!$C$8,"Next free",IF(MOD(Setup!$C$12,2)=1,K41,K41+1)))) | D41: =IF(NOT(L41),"",IF(M41>=Setup!$C$12,"Bye",INDEX(Setup!$C$16:$C$31,M41+1))) | G41: =IF(NOT(L41),"",IF(N41>=Setup!$C$12,"Bye",INDEX(Setup!$C$16:$C$31,N41+1))) | H41: =IF(OR(NOT(L41),O41,E41="",F41=""),"",IF(E41>F41,D41,IF(F41>E41,G41,"Tie"))) | J41: =IF(Setup!$C$13=0,"",INT(35/((Setup!$C$13+1)/2))) -> 8 | K41: =IF(Setup!$C$13=0,"",MOD(35,(Setup!$C$13+1)/2)) -> 3 | L41: =AND(Setup!$C$13>0,J41<Setup!$C$13) -> FALSE | M41: =IF(NOT(L41),"",IF(K41=0,J41,MOD(J41+K41,Setup!$C$13))) | N41: =IF(NOT(L41),"",IF(K41=0,Setup!$C$13,MOD(J41-K41+Setup!$C$13,Setup!$C$13))) | O41: =AND(L41,OR(M41>=Setup!$C$12,N41>=Setup!$C$12)) -> FALSE | P41: =IF(AND(L41,NOT(O41),E41<>"",F41<>""),1,0) -> 0 | Q41: =IF(L41,D41&"|"&G41,"") | R41: =IF(L41,G41&"|"&D41,"")
B42: =IF(L42,J42+1,"") | C42: =IF(NOT(L42),"",IF(O42,"Bye",IF(IF(MOD(Setup!$C$12,2)=1,K42,K42+1)>Setup!$C$8,"Next free",IF(MOD(Setup!$C$12,2)=1,K42,K42+1)))) | D42: =IF(NOT(L42),"",IF(M42>=Setup!$C$12,"Bye",INDEX(Setup!$C$16:$C$31,M42+1))) | G42: =IF(NOT(L42),"",IF(N42>=Setup!$C$12,"Bye",INDEX(Setup!$C$16:$C$31,N42+1))) | H42: =IF(OR(NOT(L42),O42,E42="",F42=""),"",IF(E42>F42,D42,IF(F42>E42,G42,"Tie"))) | J42: =IF(Setup!$C$13=0,"",INT(36/((Setup!$C$13+1)/2))) -> 9 | K42: =IF(Setup!$C$13=0,"",MOD(36,(Setup!$C$13+1)/2)) -> 0 | L42: =AND(Setup!$C$13>0,J42<Setup!$C$13) -> FALSE | M42: =IF(NOT(L42),"",IF(K42=0,J42,MOD(J42+K42,Setup!$C$13))) | N42: =IF(NOT(L42),"",IF(K42=0,Setup!$C$13,MOD(J42-K42+Setup!$C$13,Setup!$C$13))) | O42: =AND(L42,OR(M42>=Setup!$C$12,N42>=Setup!$C$12)) -> FALSE | P42: =IF(AND(L42,NOT(O42),E42<>"",F42<>""),1,0) -> 0 | Q42: =IF(L42,D42&"|"&G42,"") | R42: =IF(L42,G42&"|"&D42,"")
B43: =IF(L43,J43+1,"") | C43: =IF(NOT(L43),"",IF(O43,"Bye",IF(IF(MOD(Setup!$C$12,2)=1,K43,K43+1)>Setup!$C$8,"Next free",IF(MOD(Setup!$C$12,2)=1,K43,K43+1)))) | D43: =IF(NOT(L43),"",IF(M43>=Setup!$C$12,"Bye",INDEX(Setup!$C$16:$C$31,M43+1))) | G43: =IF(NOT(L43),"",IF(N43>=Setup!$C$12,"Bye",INDEX(Setup!$C$16:$C$31,N43+1))) | H43: =IF(OR(NOT(L43),O43,E43="",F43=""),"",IF(E43>F43,D43,IF(F43>E43,G43,"Tie"))) | J43: =IF(Setup!$C$13=0,"",INT(37/((Setup!$C$13+1)/2))) -> 9 | K43: =IF(Setup!$C$13=0,"",MOD(37,(Setup!$C$13+1)/2)) -> 1 | L43: =AND(Setup!$C$13>0,J43<Setup!$C$13) -> FALSE | M43: =IF(NOT(L43),"",IF(K43=0,J43,MOD(J43+K43,Setup!$C$13))) | N43: =IF(NOT(L43),"",IF(K43=0,Setup!$C$13,MOD(J43-K43+Setup!$C$13,Setup!$C$13))) | O43: =AND(L43,OR(M43>=Setup!$C$12,N43>=Setup!$C$12)) -> FALSE | P43: =IF(AND(L43,NOT(O43),E43<>"",F43<>""),1,0) -> 0 | Q43: =IF(L43,D43&"|"&G43,"") | R43: =IF(L43,G43&"|"&D43,"")
B44: =IF(L44,J44+1,"") | C44: =IF(NOT(L44),"",IF(O44,"Bye",IF(IF(MOD(Setup!$C$12,2)=1,K44,K44+1)>Setup!$C$8,"Next free",IF(MOD(Setup!$C$12,2)=1,K44,K44+1)))) | D44: =IF(NOT(L44),"",IF(M44>=Setup!$C$12,"Bye",INDEX(Setup!$C$16:$C$31,M44+1))) | G44: =IF(NOT(L44),"",IF(N44>=Setup!$C$12,"Bye",INDEX(Setup!$C$16:$C$31,N44+1))) | H44: =IF(OR(NOT(L44),O44,E44="",F44=""),"",IF(E44>F44,D44,IF(F44>E44,G44,"Tie"))) | J44: =IF(Setup!$C$13=0,"",INT(38/((Setup!$C$13+1)/2))) -> 9 | K44: =IF(Setup!$C$13=0,"",MOD(38,(Setup!$C$13+1)/2)) -> 2 | L44: =AND(Setup!$C$13>0,J44<Setup!$C$13) -> FALSE | M44: =IF(NOT(L44),"",IF(K44=0,J44,MOD(J44+K44,Setup!$C$13))) | N44: =IF(NOT(L44),"",IF(K44=0,Setup!$C$13,MOD(J44-K44+Setup!$C$13,Setup!$C$13))) | O44: =AND(L44,OR(M44>=Setup!$C$12,N44>=Setup!$C$12)) -> FALSE | P44: =IF(AND(L44,NOT(O44),E44<>"",F44<>""),1,0) -> 0 | Q44: =IF(L44,D44&"|"&G44,"") | R44: =IF(L44,G44&"|"&D44,"")
B45: =IF(L45,J45+1,"") | C45: =IF(NOT(L45),"",IF(O45,"Bye",IF(IF(MOD(Setup!$C$12,2)=1,K45,K45+1)>Setup!$C$8,"Next free",IF(MOD(Setup!$C$12,2)=1,K45,K45+1)))) | D45: =IF(NOT(L45),"",IF(M45>=Setup!$C$12,"Bye",INDEX(Setup!$C$16:$C$31,M45+1))) | G45: =IF(NOT(L45),"",IF(N45>=Setup!$C$12,"Bye",INDEX(Setup!$C$16:$C$31,N45+1))) | H45: =IF(OR(NOT(L45),O45,E45="",F45=""),"",IF(E45>F45,D45,IF(F45>E45,G45,"Tie"))) | J45: =IF(Setup!$C$13=0,"",INT(39/((Setup!$C$13+1)/2))) -> 9 | K45: =IF(Setup!$C$13=0,"",MOD(39,(Setup!$C$13+1)/2)) -> 3 | L45: =AND(Setup!$C$13>0,J45<Setup!$C$13) -> FALSE | M45: =IF(NOT(L45),"",IF(K45=0,J45,MOD(J45+K45,Setup!$C$13))) | N45: =IF(NOT(L45),"",IF(K45=0,Setup!$C$13,MOD(J45-K45+Setup!$C$13,Setup!$C$13))) | O45: =AND(L45,OR(M45>=Setup!$C$12,N45>=Setup!$C$12)) -> FALSE | P45: =IF(AND(L45,NOT(O45),E45<>"",F45<>""),1,0) -> 0 | Q45: =IF(L45,D45&"|"&G45,"") | R45: =IF(L45,G45&"|"&D45,"")
B46: =IF(L46,J46+1,"") | C46: =IF(NOT(L46),"",IF(O46,"Bye",IF(IF(MOD(Setup!$C$12,2)=1,K46,K46+1)>Setup!$C$8,"Next free",IF(MOD(Setup!$C$12,2)=1,K46,K46+1)))) | D46: =IF(NOT(L46),"",IF(M46>=Setup!$C$12,"Bye",INDEX(Setup!$C$16:$C$31,M46+1))) | G46: =IF(NOT(L46),"",IF(N46>=Setup!$C$12,"Bye",INDEX(Setup!$C$16:$C$31,N46+1))) | H46: =IF(OR(NOT(L46),O46,E46="",F46=""),"",IF(E46>F46,D46,IF(F46>E46,G46,"Tie"))) | J46: =IF(Setup!$C$13=0,"",INT(40/((Setup!$C$13+1)/2))) -> 10 | K46: =IF(Setup!$C$13=0,"",MOD(40,(Setup!$C$13+1)/2)) -> 0 | L46: =AND(Setup!$C$13>0,J46<Setup!$C$13) -> FALSE | M46: =IF(NOT(L46),"",IF(K46=0,J46,MOD(J46+K46,Setup!$C$13))) | N46: =IF(NOT(L46),"",IF(K46=0,Setup!$C$13,MOD(J46-K46+Setup!$C$13,Setup!$C$13))) | O46: =AND(L46,OR(M46>=Setup!$C$12,N46>=Setup!$C$12)) -> FALSE | P46: =IF(AND(L46,NOT(O46),E46<>"",F46<>""),1,0) -> 0 | Q46: =IF(L46,D46&"|"&G46,"") | R46: =IF(L46,G46&"|"&D46,"")
B47: =IF(L47,J47+1,"") | C47: =IF(NOT(L47),"",IF(O47,"Bye",IF(IF(MOD(Setup!$C$12,2)=1,K47,K47+1)>Setup!$C$8,"Next free",IF(MOD(Setup!$C$12,2)=1,K47,K47+1)))) | D47: =IF(NOT(L47),"",IF(M47>=Setup!$C$12,"Bye",INDEX(Setup!$C$16:$C$31,M47+1))) | G47: =IF(NOT(L47),"",IF(N47>=Setup!$C$12,"Bye",INDEX(Setup!$C$16:$C$31,N47+1))) | H47: =IF(OR(NOT(L47),O47,E47="",F47=""),"",IF(E47>F47,D47,IF(F47>E47,G47,"Tie"))) | J47: =IF(Setup!$C$13=0,"",INT(41/((Setup!$C$13+1)/2))) -> 10 | K47: =IF(Setup!$C$13=0,"",MOD(41,(Setup!$C$13+1)/2)) -> 1 | L47: =AND(Setup!$C$13>0,J47<Setup!$C$13) -> FALSE | M47: =IF(NOT(L47),"",IF(K47=0,J47,MOD(J47+K47,Setup!$C$13))) | N47: =IF(NOT(L47),"",IF(K47=0,Setup!$C$13,MOD(J47-K47+Setup!$C$13,Setup!$C$13))) | O47: =AND(L47,OR(M47>=Setup!$C$12,N47>=Setup!$C$12)) -> FALSE | P47: =IF(AND(L47,NOT(O47),E47<>"",F47<>""),1,0) -> 0 | Q47: =IF(L47,D47&"|"&G47,"") | R47: =IF(L47,G47&"|"&D47,"")
B48: =IF(L48,J48+1,"") | C48: =IF(NOT(L48),"",IF(O48,"Bye",IF(IF(MOD(Setup!$C$12,2)=1,K48,K48+1)>Setup!$C$8,"Next free",IF(MOD(Setup!$C$12,2)=1,K48,K48+1)))) | D48: =IF(NOT(L48),"",IF(M48>=Setup!$C$12,"Bye",INDEX(Setup!$C$16:$C$31,M48+1))) | G48: =IF(NOT(L48),"",IF(N48>=Setup!$C$12,"Bye",INDEX(Setup!$C$16:$C$31,N48+1))) | H48: =IF(OR(NOT(L48),O48,E48="",F48=""),"",IF(E48>F48,D48,IF(F48>E48,G48,"Tie"))) | J48: =IF(Setup!$C$13=0,"",INT(42/((Setup!$C$13+1)/2))) -> 10 | K48: =IF(Setup!$C$13=0,"",MOD(42,(Setup!$C$13+1)/2)) -> 2 | L48: =AND(Setup!$C$13>0,J48<Setup!$C$13) -> FALSE | M48: =IF(NOT(L48),"",IF(K48=0,J48,MOD(J48+K48,Setup!$C$13))) | N48: =IF(NOT(L48),"",IF(K48=0,Setup!$C$13,MOD(J48-K48+Setup!$C$13,Setup!$C$13))) | O48: =AND(L48,OR(M48>=Setup!$C$12,N48>=Setup!$C$12)) -> FALSE | P48: =IF(AND(L48,NOT(O48),E48<>"",F48<>""),1,0) -> 0 | Q48: =IF(L48,D48&"|"&G48,"") | R48: =IF(L48,G48&"|"&D48,"")
B49: =IF(L49,J49+1,"") | C49: =IF(NOT(L49),"",IF(O49,"Bye",IF(IF(MOD(Setup!$C$12,2)=1,K49,K49+1)>Setup!$C$8,"Next free",IF(MOD(Setup!$C$12,2)=1,K49,K49+1)))) | D49: =IF(NOT(L49),"",IF(M49>=Setup!$C$12,"Bye",INDEX(Setup!$C$16:$C$31,M49+1))) | G49: =IF(NOT(L49),"",IF(N49>=Setup!$C$12,"Bye",INDEX(Setup!$C$16:$C$31,N49+1))) | H49: =IF(OR(NOT(L49),O49,E49="",F49=""),"",IF(E49>F49,D49,IF(F49>E49,G49,"Tie"))) | J49: =IF(Setup!$C$13=0,"",INT(43/((Setup!$C$13+1)/2))) -> 10 | K49: =IF(Setup!$C$13=0,"",MOD(43,(Setup!$C$13+1)/2)) -> 3 | L49: =AND(Setup!$C$13>0,J49<Setup!$C$13) -> FALSE | M49: =IF(NOT(L49),"",IF(K49=0,J49,MOD(J49+K49,Setup!$C$13))) | N49: =IF(NOT(L49),"",IF(K49=0,Setup!$C$13,MOD(J49-K49+Setup!$C$13,Setup!$C$13))) | O49: =AND(L49,OR(M49>=Setup!$C$12,N49>=Setup!$C$12)) -> FALSE | P49: =IF(AND(L49,NOT(O49),E49<>"",F49<>""),1,0) -> 0 | Q49: =IF(L49,D49&"|"&G49,"") | R49: =IF(L49,G49&"|"&D49,"")
B50: =IF(L50,J50+1,"") | C50: =IF(NOT(L50),"",IF(O50,"Bye",IF(IF(MOD(Setup!$C$12,2)=1,K50,K50+1)>Setup!$C$8,"Next free",IF(MOD(Setup!$C$12,2)=1,K50,K50+1)))) | D50: =IF(NOT(L50),"",IF(M50>=Setup!$C$12,"Bye",INDEX(Setup!$C$16:$C$31,M50+1))) | G50: =IF(NOT(L50),"",IF(N50>=Setup!$C$12,"Bye",INDEX(Setup!$C$16:$C$31,N50+1))) | H50: =IF(OR(NOT(L50),O50,E50="",F50=""),"",IF(E50>F50,D50,IF(F50>E50,G50,"Tie"))) | J50: =IF(Setup!$C$13=0,"",INT(44/((Setup!$C$13+1)/2))) -> 11 | K50: =IF(Setup!$C$13=0,"",MOD(44,(Setup!$C$13+1)/2)) -> 0 | L50: =AND(Setup!$C$13>0,J50<Setup!$C$13) -> FALSE | M50: =IF(NOT(L50),"",IF(K50=0,J50,MOD(J50+K50,Setup!$C$13))) | N50: =IF(NOT(L50),"",IF(K50=0,Setup!$C$13,MOD(J50-K50+Setup!$C$13,Setup!$C$13))) | O50: =AND(L50,OR(M50>=Setup!$C$12,N50>=Setup!$C$12)) -> FALSE | P50: =IF(AND(L50,NOT(O50),E50<>"",F50<>""),1,0) -> 0 | Q50: =IF(L50,D50&"|"&G50,"") | R50: =IF(L50,G50&"|"&D50,"")
B51: =IF(L51,J51+1,"") | C51: =IF(NOT(L51),"",IF(O51,"Bye",IF(IF(MOD(Setup!$C$12,2)=1,K51,K51+1)>Setup!$C$8,"Next free",IF(MOD(Setup!$C$12,2)=1,K51,K51+1)))) | D51: =IF(NOT(L51),"",IF(M51>=Setup!$C$12,"Bye",INDEX(Setup!$C$16:$C$31,M51+1))) | G51: =IF(NOT(L51),"",IF(N51>=Setup!$C$12,"Bye",INDEX(Setup!$C$16:$C$31,N51+1))) | H51: =IF(OR(NOT(L51),O51,E51="",F51=""),"",IF(E51>F51,D51,IF(F51>E51,G51,"Tie"))) | J51: =IF(Setup!$C$13=0,"",INT(45/((Setup!$C$13+1)/2))) -> 11 | K51: =IF(Setup!$C$13=0,"",MOD(45,(Setup!$C$13+1)/2)) -> 1 | L51: =AND(Setup!$C$13>0,J51<Setup!$C$13) -> FALSE | M51: =IF(NOT(L51),"",IF(K51=0,J51,MOD(J51+K51,Setup!$C$13))) | N51: =IF(NOT(L51),"",IF(K51=0,Setup!$C$13,MOD(J51-K51+Setup!$C$13,Setup!$C$13))) | O51: =AND(L51,OR(M51>=Setup!$C$12,N51>=Setup!$C$12)) -> FALSE | P51: =IF(AND(L51,NOT(O51),E51<>"",F51<>""),1,0) -> 0 | Q51: =IF(L51,D51&"|"&G51,"") | R51: =IF(L51,G51&"|"&D51,"")
B52: =IF(L52,J52+1,"") | C52: =IF(NOT(L52),"",IF(O52,"Bye",IF(IF(MOD(Setup!$C$12,2)=1,K52,K52+1)>Setup!$C$8,"Next free",IF(MOD(Setup!$C$12,2)=1,K52,K52+1)))) | D52: =IF(NOT(L52),"",IF(M52>=Setup!$C$12,"Bye",INDEX(Setup!$C$16:$C$31,M52+1))) | G52: =IF(NOT(L52),"",IF(N52>=Setup!$C$12,"Bye",INDEX(Setup!$C$16:$C$31,N52+1))) | H52: =IF(OR(NOT(L52),O52,E52="",F52=""),"",IF(E52>F52,D52,IF(F52>E52,G52,"Tie"))) | J52: =IF(Setup!$C$13=0,"",INT(46/((Setup!$C$13+1)/2))) -> 11 | K52: =IF(Setup!$C$13=0,"",MOD(46,(Setup!$C$13+1)/2)) -> 2 | L52: =AND(Setup!$C$13>0,J52<Setup!$C$13) -> FALSE | M52: =IF(NOT(L52),"",IF(K52=0,J52,MOD(J52+K52,Setup!$C$13))) | N52: =IF(NOT(L52),"",IF(K52=0,Setup!$C$13,MOD(J52-K52+Setup!$C$13,Setup!$C$13))) | O52: =AND(L52,OR(M52>=Setup!$C$12,N52>=Setup!$C$12)) -> FALSE | P52: =IF(AND(L52,NOT(O52),E52<>"",F52<>""),1,0) -> 0 | Q52: =IF(L52,D52&"|"&G52,"") | R52: =IF(L52,G52&"|"&D52,"")
B53: =IF(L53,J53+1,"") | C53: =IF(NOT(L53),"",IF(O53,"Bye",IF(IF(MOD(Setup!$C$12,2)=1,K53,K53+1)>Setup!$C$8,"Next free",IF(MOD(Setup!$C$12,2)=1,K53,K53+1)))) | D53: =IF(NOT(L53),"",IF(M53>=Setup!$C$12,"Bye",INDEX(Setup!$C$16:$C$31,M53+1))) | G53: =IF(NOT(L53),"",IF(N53>=Setup!$C$12,"Bye",INDEX(Setup!$C$16:$C$31,N53+1))) | H53: =IF(OR(NOT(L53),O53,E53="",F53=""),"",IF(E53>F53,D53,IF(F53>E53,G53,"Tie"))) | J53: =IF(Setup!$C$13=0,"",INT(47/((Setup!$C$13+1)/2))) -> 11 | K53: =IF(Setup!$C$13=0,"",MOD(47,(Setup!$C$13+1)/2)) -> 3 | L53: =AND(Setup!$C$13>0,J53<Setup!$C$13) -> FALSE | M53: =IF(NOT(L53),"",IF(K53=0,J53,MOD(J53+K53,Setup!$C$13))) | N53: =IF(NOT(L53),"",IF(K53=0,Setup!$C$13,MOD(J53-K53+Setup!$C$13,Setup!$C$13))) | O53: =AND(L53,OR(M53>=Setup!$C$12,N53>=Setup!$C$12)) -> FALSE | P53: =IF(AND(L53,NOT(O53),E53<>"",F53<>""),1,0) -> 0 | Q53: =IF(L53,D53&"|"&G53,"") | R53: =IF(L53,G53&"|"&D53,"")
B54: =IF(L54,J54+1,"") | C54: =IF(NOT(L54),"",IF(O54,"Bye",IF(IF(MOD(Setup!$C$12,2)=1,K54,K54+1)>Setup!$C$8,"Next free",IF(MOD(Setup!$C$12,2)=1,K54,K54+1)))) | D54: =IF(NOT(L54),"",IF(M54>=Setup!$C$12,"Bye",INDEX(Setup!$C$16:$C$31,M54+1))) | G54: =IF(NOT(L54),"",IF(N54>=Setup!$C$12,"Bye",INDEX(Setup!$C$16:$C$31,N54+1))) | H54: =IF(OR(NOT(L54),O54,E54="",F54=""),"",IF(E54>F54,D54,IF(F54>E54,G54,"Tie"))) | J54: =IF(Setup!$C$13=0,"",INT(48/((Setup!$C$13+1)/2))) -> 12 | K54: =IF(Setup!$C$13=0,"",MOD(48,(Setup!$C$13+1)/2)) -> 0 | L54: =AND(Setup!$C$13>0,J54<Setup!$C$13) -> FALSE | M54: =IF(NOT(L54),"",IF(K54=0,J54,MOD(J54+K54,Setup!$C$13))) | N54: =IF(NOT(L54),"",IF(K54=0,Setup!$C$13,MOD(J54-K54+Setup!$C$13,Setup!$C$13))) | O54: =AND(L54,OR(M54>=Setup!$C$12,N54>=Setup!$C$12)) -> FALSE | P54: =IF(AND(L54,NOT(O54),E54<>"",F54<>""),1,0) -> 0 | Q54: =IF(L54,D54&"|"&G54,"") | R54: =IF(L54,G54&"|"&D54,"")
B55: =IF(L55,J55+1,"") | C55: =IF(NOT(L55),"",IF(O55,"Bye",IF(IF(MOD(Setup!$C$12,2)=1,K55,K55+1)>Setup!$C$8,"Next free",IF(MOD(Setup!$C$12,2)=1,K55,K55+1)))) | D55: =IF(NOT(L55),"",IF(M55>=Setup!$C$12,"Bye",INDEX(Setup!$C$16:$C$31,M55+1))) | G55: =IF(NOT(L55),"",IF(N55>=Setup!$C$12,"Bye",INDEX(Setup!$C$16:$C$31,N55+1))) | H55: =IF(OR(NOT(L55),O55,E55="",F55=""),"",IF(E55>F55,D55,IF(F55>E55,G55,"Tie"))) | J55: =IF(Setup!$C$13=0,"",INT(49/((Setup!$C$13+1)/2))) -> 12 | K55: =IF(Setup!$C$13=0,"",MOD(49,(Setup!$C$13+1)/2)) -> 1 | L55: =AND(Setup!$C$13>0,J55<Setup!$C$13) -> FALSE | M55: =IF(NOT(L55),"",IF(K55=0,J55,MOD(J55+K55,Setup!$C$13))) | N55: =IF(NOT(L55),"",IF(K55=0,Setup!$C$13,MOD(J55-K55+Setup!$C$13,Setup!$C$13))) | O55: =AND(L55,OR(M55>=Setup!$C$12,N55>=Setup!$C$12)) -> FALSE | P55: =IF(AND(L55,NOT(O55),E55<>"",F55<>""),1,0) -> 0 | Q55: =IF(L55,D55&"|"&G55,"") | R55: =IF(L55,G55&"|"&D55,"")
B56: =IF(L56,J56+1,"") | C56: =IF(NOT(L56),"",IF(O56,"Bye",IF(IF(MOD(Setup!$C$12,2)=1,K56,K56+1)>Setup!$C$8,"Next free",IF(MOD(Setup!$C$12,2)=1,K56,K56+1)))) | D56: =IF(NOT(L56),"",IF(M56>=Setup!$C$12,"Bye",INDEX(Setup!$C$16:$C$31,M56+1))) | G56: =IF(NOT(L56),"",IF(N56>=Setup!$C$12,"Bye",INDEX(Setup!$C$16:$C$31,N56+1))) | H56: =IF(OR(NOT(L56),O56,E56="",F56=""),"",IF(E56>F56,D56,IF(F56>E56,G56,"Tie"))) | J56: =IF(Setup!$C$13=0,"",INT(50/((Setup!$C$13+1)/2))) -> 12 | K56: =IF(Setup!$C$13=0,"",MOD(50,(Setup!$C$13+1)/2)) -> 2 | L56: =AND(Setup!$C$13>0,J56<Setup!$C$13) -> FALSE | M56: =IF(NOT(L56),"",IF(K56=0,J56,MOD(J56+K56,Setup!$C$13))) | N56: =IF(NOT(L56),"",IF(K56=0,Setup!$C$13,MOD(J56-K56+Setup!$C$13,Setup!$C$13))) | O56: =AND(L56,OR(M56>=Setup!$C$12,N56>=Setup!$C$12)) -> FALSE | P56: =IF(AND(L56,NOT(O56),E56<>"",F56<>""),1,0) -> 0 | Q56: =IF(L56,D56&"|"&G56,"") | R56: =IF(L56,G56&"|"&D56,"")
B57: =IF(L57,J57+1,"") | C57: =IF(NOT(L57),"",IF(O57,"Bye",IF(IF(MOD(Setup!$C$12,2)=1,K57,K57+1)>Setup!$C$8,"Next free",IF(MOD(Setup!$C$12,2)=1,K57,K57+1)))) | D57: =IF(NOT(L57),"",IF(M57>=Setup!$C$12,"Bye",INDEX(Setup!$C$16:$C$31,M57+1))) | G57: =IF(NOT(L57),"",IF(N57>=Setup!$C$12,"Bye",INDEX(Setup!$C$16:$C$31,N57+1))) | H57: =IF(OR(NOT(L57),O57,E57="",F57=""),"",IF(E57>F57,D57,IF(F57>E57,G57,"Tie"))) | J57: =IF(Setup!$C$13=0,"",INT(51/((Setup!$C$13+1)/2))) -> 12 | K57: =IF(Setup!$C$13=0,"",MOD(51,(Setup!$C$13+1)/2)) -> 3 | L57: =AND(Setup!$C$13>0,J57<Setup!$C$13) -> FALSE | M57: =IF(NOT(L57),"",IF(K57=0,J57,MOD(J57+K57,Setup!$C$13))) | N57: =IF(NOT(L57),"",IF(K57=0,Setup!$C$13,MOD(J57-K57+Setup!$C$13,Setup!$C$13))) | O57: =AND(L57,OR(M57>=Setup!$C$12,N57>=Setup!$C$12)) -> FALSE | P57: =IF(AND(L57,NOT(O57),E57<>"",F57<>""),1,0) -> 0 | Q57: =IF(L57,D57&"|"&G57,"") | R57: =IF(L57,G57&"|"&D57,"")
B58: =IF(L58,J58+1,"") | C58: =IF(NOT(L58),"",IF(O58,"Bye",IF(IF(MOD(Setup!$C$12,2)=1,K58,K58+1)>Setup!$C$8,"Next free",IF(MOD(Setup!$C$12,2)=1,K58,K58+1)))) | D58: =IF(NOT(L58),"",IF(M58>=Setup!$C$12,"Bye",INDEX(Setup!$C$16:$C$31,M58+1))) | G58: =IF(NOT(L58),"",IF(N58>=Setup!$C$12,"Bye",INDEX(Setup!$C$16:$C$31,N58+1))) | H58: =IF(OR(NOT(L58),O58,E58="",F58=""),"",IF(E58>F58,D58,IF(F58>E58,G58,"Tie"))) | J58: =IF(Setup!$C$13=0,"",INT(52/((Setup!$C$13+1)/2))) -> 13 | K58: =IF(Setup!$C$13=0,"",MOD(52,(Setup!$C$13+1)/2)) -> 0 | L58: =AND(Setup!$C$13>0,J58<Setup!$C$13) -> FALSE | M58: =IF(NOT(L58),"",IF(K58=0,J58,MOD(J58+K58,Setup!$C$13))) | N58: =IF(NOT(L58),"",IF(K58=0,Setup!$C$13,MOD(J58-K58+Setup!$C$13,Setup!$C$13))) | O58: =AND(L58,OR(M58>=Setup!$C$12,N58>=Setup!$C$12)) -> FALSE | P58: =IF(AND(L58,NOT(O58),E58<>"",F58<>""),1,0) -> 0 | Q58: =IF(L58,D58&"|"&G58,"") | R58: =IF(L58,G58&"|"&D58,"")
B59: =IF(L59,J59+1,"") | C59: =IF(NOT(L59),"",IF(O59,"Bye",IF(IF(MOD(Setup!$C$12,2)=1,K59,K59+1)>Setup!$C$8,"Next free",IF(MOD(Setup!$C$12,2)=1,K59,K59+1)))) | D59: =IF(NOT(L59),"",IF(M59>=Setup!$C$12,"Bye",INDEX(Setup!$C$16:$C$31,M59+1))) | G59: =IF(NOT(L59),"",IF(N59>=Setup!$C$12,"Bye",INDEX(Setup!$C$16:$C$31,N59+1))) | H59: =IF(OR(NOT(L59),O59,E59="",F59=""),"",IF(E59>F59,D59,IF(F59>E59,G59,"Tie"))) | J59: =IF(Setup!$C$13=0,"",INT(53/((Setup!$C$13+1)/2))) -> 13 | K59: =IF(Setup!$C$13=0,"",MOD(53,(Setup!$C$13+1)/2)) -> 1 | L59: =AND(Setup!$C$13>0,J59<Setup!$C$13) -> FALSE | M59: =IF(NOT(L59),"",IF(K59=0,J59,MOD(J59+K59,Setup!$C$13))) | N59: =IF(NOT(L59),"",IF(K59=0,Setup!$C$13,MOD(J59-K59+Setup!$C$13,Setup!$C$13))) | O59: =AND(L59,OR(M59>=Setup!$C$12,N59>=Setup!$C$12)) -> FALSE | P59: =IF(AND(L59,NOT(O59),E59<>"",F59<>""),1,0) -> 0 | Q59: =IF(L59,D59&"|"&G59,"") | R59: =IF(L59,G59&"|"&D59,"")
B60: =IF(L60,J60+1,"") | C60: =IF(NOT(L60),"",IF(O60,"Bye",IF(IF(MOD(Setup!$C$12,2)=1,K60,K60+1)>Setup!$C$8,"Next free",IF(MOD(Setup!$C$12,2)=1,K60,K60+1)))) | D60: =IF(NOT(L60),"",IF(M60>=Setup!$C$12,"Bye",INDEX(Setup!$C$16:$C$31,M60+1))) | G60: =IF(NOT(L60),"",IF(N60>=Setup!$C$12,"Bye",INDEX(Setup!$C$16:$C$31,N60+1))) | H60: =IF(OR(NOT(L60),O60,E60="",F60=""),"",IF(E60>F60,D60,IF(F60>E60,G60,"Tie"))) | J60: =IF(Setup!$C$13=0,"",INT(54/((Setup!$C$13+1)/2))) -> 13 | K60: =IF(Setup!$C$13=0,"",MOD(54,(Setup!$C$13+1)/2)) -> 2 | L60: =AND(Setup!$C$13>0,J60<Setup!$C$13) -> FALSE | M60: =IF(NOT(L60),"",IF(K60=0,J60,MOD(J60+K60,Setup!$C$13))) | N60: =IF(NOT(L60),"",IF(K60=0,Setup!$C$13,MOD(J60-K60+Setup!$C$13,Setup!$C$13))) | O60: =AND(L60,OR(M60>=Setup!$C$12,N60>=Setup!$C$12)) -> FALSE | P60: =IF(AND(L60,NOT(O60),E60<>"",F60<>""),1,0) -> 0 | Q60: =IF(L60,D60&"|"&G60,"") | R60: =IF(L60,G60&"|"&D60,"")
B61: =IF(L61,J61+1,"") | C61: =IF(NOT(L61),"",IF(O61,"Bye",IF(IF(MOD(Setup!$C$12,2)=1,K61,K61+1)>Setup!$C$8,"Next free",IF(MOD(Setup!$C$12,2)=1,K61,K61+1)))) | D61: =IF(NOT(L61),"",IF(M61>=Setup!$C$12,"Bye",INDEX(Setup!$C$16:$C$31,M61+1))) | G61: =IF(NOT(L61),"",IF(N61>=Setup!$C$12,"Bye",INDEX(Setup!$C$16:$C$31,N61+1))) | H61: =IF(OR(NOT(L61),O61,E61="",F61=""),"",IF(E61>F61,D61,IF(F61>E61,G61,"Tie"))) | J61: =IF(Setup!$C$13=0,"",INT(55/((Setup!$C$13+1)/2))) -> 13 | K61: =IF(Setup!$C$13=0,"",MOD(55,(Setup!$C$13+1)/2)) -> 3 | L61: =AND(Setup!$C$13>0,J61<Setup!$C$13) -> FALSE | M61: =IF(NOT(L61),"",IF(K61=0,J61,MOD(J61+K61,Setup!$C$13))) | N61: =IF(NOT(L61),"",IF(K61=0,Setup!$C$13,MOD(J61-K61+Setup!$C$13,Setup!$C$13))) | O61: =AND(L61,OR(M61>=Setup!$C$12,N61>=Setup!$C$12)) -> FALSE | P61: =IF(AND(L61,NOT(O61),E61<>"",F61<>""),1,0) -> 0 | Q61: =IF(L61,D61&"|"&G61,"") | R61: =IF(L61,G61&"|"&D61,"")
B62: =IF(L62,J62+1,"") | C62: =IF(NOT(L62),"",IF(O62,"Bye",IF(IF(MOD(Setup!$C$12,2)=1,K62,K62+1)>Setup!$C$8,"Next free",IF(MOD(Setup!$C$12,2)=1,K62,K62+1)))) | D62: =IF(NOT(L62),"",IF(M62>=Setup!$C$12,"Bye",INDEX(Setup!$C$16:$C$31,M62+1))) | G62: =IF(NOT(L62),"",IF(N62>=Setup!$C$12,"Bye",INDEX(Setup!$C$16:$C$31,N62+1))) | H62: =IF(OR(NOT(L62),O62,E62="",F62=""),"",IF(E62>F62,D62,IF(F62>E62,G62,"Tie"))) | J62: =IF(Setup!$C$13=0,"",INT(56/((Setup!$C$13+1)/2))) -> 14 | K62: =IF(Setup!$C$13=0,"",MOD(56,(Setup!$C$13+1)/2)) -> 0 | L62: =AND(Setup!$C$13>0,J62<Setup!$C$13) -> FALSE | M62: =IF(NOT(L62),"",IF(K62=0,J62,MOD(J62+K62,Setup!$C$13))) | N62: =IF(NOT(L62),"",IF(K62=0,Setup!$C$13,MOD(J62-K62+Setup!$C$13,Setup!$C$13))) | O62: =AND(L62,OR(M62>=Setup!$C$12,N62>=Setup!$C$12)) -> FALSE | P62: =IF(AND(L62,NOT(O62),E62<>"",F62<>""),1,0) -> 0 | Q62: =IF(L62,D62&"|"&G62,"") | R62: =IF(L62,G62&"|"&D62,"")
B63: =IF(L63,J63+1,"") | C63: =IF(NOT(L63),"",IF(O63,"Bye",IF(IF(MOD(Setup!$C$12,2)=1,K63,K63+1)>Setup!$C$8,"Next free",IF(MOD(Setup!$C$12,2)=1,K63,K63+1)))) | D63: =IF(NOT(L63),"",IF(M63>=Setup!$C$12,"Bye",INDEX(Setup!$C$16:$C$31,M63+1))) | G63: =IF(NOT(L63),"",IF(N63>=Setup!$C$12,"Bye",INDEX(Setup!$C$16:$C$31,N63+1))) | H63: =IF(OR(NOT(L63),O63,E63="",F63=""),"",IF(E63>F63,D63,IF(F63>E63,G63,"Tie"))) | J63: =IF(Setup!$C$13=0,"",INT(57/((Setup!$C$13+1)/2))) -> 14 | K63: =IF(Setup!$C$13=0,"",MOD(57,(Setup!$C$13+1)/2)) -> 1 | L63: =AND(Setup!$C$13>0,J63<Setup!$C$13) -> FALSE | M63: =IF(NOT(L63),"",IF(K63=0,J63,MOD(J63+K63,Setup!$C$13))) | N63: =IF(NOT(L63),"",IF(K63=0,Setup!$C$13,MOD(J63-K63+Setup!$C$13,Setup!$C$13))) | O63: =AND(L63,OR(M63>=Setup!$C$12,N63>=Setup!$C$12)) -> FALSE | P63: =IF(AND(L63,NOT(O63),E63<>"",F63<>""),1,0) -> 0 | Q63: =IF(L63,D63&"|"&G63,"") | R63: =IF(L63,G63&"|"&D63,"")
B64: =IF(L64,J64+1,"") | C64: =IF(NOT(L64),"",IF(O64,"Bye",IF(IF(MOD(Setup!$C$12,2)=1,K64,K64+1)>Setup!$C$8,"Next free",IF(MOD(Setup!$C$12,2)=1,K64,K64+1)))) | D64: =IF(NOT(L64),"",IF(M64>=Setup!$C$12,"Bye",INDEX(Setup!$C$16:$C$31,M64+1))) | G64: =IF(NOT(L64),"",IF(N64>=Setup!$C$12,"Bye",INDEX(Setup!$C$16:$C$31,N64+1))) | H64: =IF(OR(NOT(L64),O64,E64="",F64=""),"",IF(E64>F64,D64,IF(F64>E64,G64,"Tie"))) | J64: =IF(Setup!$C$13=0,"",INT(58/((Setup!$C$13+1)/2))) -> 14 | K64: =IF(Setup!$C$13=0,"",MOD(58,(Setup!$C$13+1)/2)) -> 2 | L64: =AND(Setup!$C$13>0,J64<Setup!$C$13) -> FALSE | M64: =IF(NOT(L64),"",IF(K64=0,J64,MOD(J64+K64,Setup!$C$13))) | N64: =IF(NOT(L64),"",IF(K64=0,Setup!$C$13,MOD(J64-K64+Setup!$C$13,Setup!$C$13))) | O64: =AND(L64,OR(M64>=Setup!$C$12,N64>=Setup!$C$12)) -> FALSE | P64: =IF(AND(L64,NOT(O64),E64<>"",F64<>""),1,0) -> 0 | Q64: =IF(L64,D64&"|"&G64,"") | R64: =IF(L64,G64&"|"&D64,"")
B65: =IF(L65,J65+1,"") | C65: =IF(NOT(L65),"",IF(O65,"Bye",IF(IF(MOD(Setup!$C$12,2)=1,K65,K65+1)>Setup!$C$8,"Next free",IF(MOD(Setup!$C$12,2)=1,K65,K65+1)))) | D65: =IF(NOT(L65),"",IF(M65>=Setup!$C$12,"Bye",INDEX(Setup!$C$16:$C$31,M65+1))) | G65: =IF(NOT(L65),"",IF(N65>=Setup!$C$12,"Bye",INDEX(Setup!$C$16:$C$31,N65+1))) | H65: =IF(OR(NOT(L65),O65,E65="",F65=""),"",IF(E65>F65,D65,IF(F65>E65,G65,"Tie"))) | J65: =IF(Setup!$C$13=0,"",INT(59/((Setup!$C$13+1)/2))) -> 14 | K65: =IF(Setup!$C$13=0,"",MOD(59,(Setup!$C$13+1)/2)) -> 3 | L65: =AND(Setup!$C$13>0,J65<Setup!$C$13) -> FALSE | M65: =IF(NOT(L65),"",IF(K65=0,J65,MOD(J65+K65,Setup!$C$13))) | N65: =IF(NOT(L65),"",IF(K65=0,Setup!$C$13,MOD(J65-K65+Setup!$C$13,Setup!$C$13))) | O65: =AND(L65,OR(M65>=Setup!$C$12,N65>=Setup!$C$12)) -> FALSE | P65: =IF(AND(L65,NOT(O65),E65<>"",F65<>""),1,0) -> 0 | Q65: =IF(L65,D65&"|"&G65,"") | R65: =IF(L65,G65&"|"&D65,"")
B66: =IF(L66,J66+1,"") | C66: =IF(NOT(L66),"",IF(O66,"Bye",IF(IF(MOD(Setup!$C$12,2)=1,K66,K66+1)>Setup!$C$8,"Next free",IF(MOD(Setup!$C$12,2)=1,K66,K66+1)))) | D66: =IF(NOT(L66),"",IF(M66>=Setup!$C$12,"Bye",INDEX(Setup!$C$16:$C$31,M66+1))) | G66: =IF(NOT(L66),"",IF(N66>=Setup!$C$12,"Bye",INDEX(Setup!$C$16:$C$31,N66+1))) | H66: =IF(OR(NOT(L66),O66,E66="",F66=""),"",IF(E66>F66,D66,IF(F66>E66,G66,"Tie"))) | J66: =IF(Setup!$C$13=0,"",INT(60/((Setup!$C$13+1)/2))) -> 15 | K66: =IF(Setup!$C$13=0,"",MOD(60,(Setup!$C$13+1)/2)) -> 0 | L66: =AND(Setup!$C$13>0,J66<Setup!$C$13) -> FALSE | M66: =IF(NOT(L66),"",IF(K66=0,J66,MOD(J66+K66,Setup!$C$13))) | N66: =IF(NOT(L66),"",IF(K66=0,Setup!$C$13,MOD(J66-K66+Setup!$C$13,Setup!$C$13))) | O66: =AND(L66,OR(M66>=Setup!$C$12,N66>=Setup!$C$12)) -> FALSE | P66: =IF(AND(L66,NOT(O66),E66<>"",F66<>""),1,0) -> 0 | Q66: =IF(L66,D66&"|"&G66,"") | R66: =IF(L66,G66&"|"&D66,"")
B67: =IF(L67,J67+1,"") | C67: =IF(NOT(L67),"",IF(O67,"Bye",IF(IF(MOD(Setup!$C$12,2)=1,K67,K67+1)>Setup!$C$8,"Next free",IF(MOD(Setup!$C$12,2)=1,K67,K67+1)))) | D67: =IF(NOT(L67),"",IF(M67>=Setup!$C$12,"Bye",INDEX(Setup!$C$16:$C$31,M67+1))) | G67: =IF(NOT(L67),"",IF(N67>=Setup!$C$12,"Bye",INDEX(Setup!$C$16:$C$31,N67+1))) | H67: =IF(OR(NOT(L67),O67,E67="",F67=""),"",IF(E67>F67,D67,IF(F67>E67,G67,"Tie"))) | J67: =IF(Setup!$C$13=0,"",INT(61/((Setup!$C$13+1)/2))) -> 15 | K67: =IF(Setup!$C$13=0,"",MOD(61,(Setup!$C$13+1)/2)) -> 1 | L67: =AND(Setup!$C$13>0,J67<Setup!$C$13) -> FALSE | M67: =IF(NOT(L67),"",IF(K67=0,J67,MOD(J67+K67,Setup!$C$13))) | N67: =IF(NOT(L67),"",IF(K67=0,Setup!$C$13,MOD(J67-K67+Setup!$C$13,Setup!$C$13))) | O67: =AND(L67,OR(M67>=Setup!$C$12,N67>=Setup!$C$12)) -> FALSE | P67: =IF(AND(L67,NOT(O67),E67<>"",F67<>""),1,0) -> 0 | Q67: =IF(L67,D67&"|"&G67,"") | R67: =IF(L67,G67&"|"&D67,"")
B68: =IF(L68,J68+1,"") | C68: =IF(NOT(L68),"",IF(O68,"Bye",IF(IF(MOD(Setup!$C$12,2)=1,K68,K68+1)>Setup!$C$8,"Next free",IF(MOD(Setup!$C$12,2)=1,K68,K68+1)))) | D68: =IF(NOT(L68),"",IF(M68>=Setup!$C$12,"Bye",INDEX(Setup!$C$16:$C$31,M68+1))) | G68: =IF(NOT(L68),"",IF(N68>=Setup!$C$12,"Bye",INDEX(Setup!$C$16:$C$31,N68+1))) | H68: =IF(OR(NOT(L68),O68,E68="",F68=""),"",IF(E68>F68,D68,IF(F68>E68,G68,"Tie"))) | J68: =IF(Setup!$C$13=0,"",INT(62/((Setup!$C$13+1)/2))) -> 15 | K68: =IF(Setup!$C$13=0,"",MOD(62,(Setup!$C$13+1)/2)) -> 2 | L68: =AND(Setup!$C$13>0,J68<Setup!$C$13) -> FALSE | M68: =IF(NOT(L68),"",IF(K68=0,J68,MOD(J68+K68,Setup!$C$13))) | N68: =IF(NOT(L68),"",IF(K68=0,Setup!$C$13,MOD(J68-K68+Setup!$C$13,Setup!$C$13))) | O68: =AND(L68,OR(M68>=Setup!$C$12,N68>=Setup!$C$12)) -> FALSE | P68: =IF(AND(L68,NOT(O68),E68<>"",F68<>""),1,0) -> 0 | Q68: =IF(L68,D68&"|"&G68,"") | R68: =IF(L68,G68&"|"&D68,"")
B69: =IF(L69,J69+1,"") | C69: =IF(NOT(L69),"",IF(O69,"Bye",IF(IF(MOD(Setup!$C$12,2)=1,K69,K69+1)>Setup!$C$8,"Next free",IF(MOD(Setup!$C$12,2)=1,K69,K69+1)))) | D69: =IF(NOT(L69),"",IF(M69>=Setup!$C$12,"Bye",INDEX(Setup!$C$16:$C$31,M69+1))) | G69: =IF(NOT(L69),"",IF(N69>=Setup!$C$12,"Bye",INDEX(Setup!$C$16:$C$31,N69+1))) | H69: =IF(OR(NOT(L69),O69,E69="",F69=""),"",IF(E69>F69,D69,IF(F69>E69,G69,"Tie"))) | J69: =IF(Setup!$C$13=0,"",INT(63/((Setup!$C$13+1)/2))) -> 15 | K69: =IF(Setup!$C$13=0,"",MOD(63,(Setup!$C$13+1)/2)) -> 3 | L69: =AND(Setup!$C$13>0,J69<Setup!$C$13) -> FALSE | M69: =IF(NOT(L69),"",IF(K69=0,J69,MOD(J69+K69,Setup!$C$13))) | N69: =IF(NOT(L69),"",IF(K69=0,Setup!$C$13,MOD(J69-K69+Setup!$C$13,Setup!$C$13))) | O69: =AND(L69,OR(M69>=Setup!$C$12,N69>=Setup!$C$12)) -> FALSE | P69: =IF(AND(L69,NOT(O69),E69<>"",F69<>""),1,0) -> 0 | Q69: =IF(L69,D69&"|"&G69,"") | R69: =IF(L69,G69&"|"&D69,"")
B70: =IF(L70,J70+1,"") | C70: =IF(NOT(L70),"",IF(O70,"Bye",IF(IF(MOD(Setup!$C$12,2)=1,K70,K70+1)>Setup!$C$8,"Next free",IF(MOD(Setup!$C$12,2)=1,K70,K70+1)))) | D70: =IF(NOT(L70),"",IF(M70>=Setup!$C$12,"Bye",INDEX(Setup!$C$16:$C$31,M70+1))) | G70: =IF(NOT(L70),"",IF(N70>=Setup!$C$12,"Bye",INDEX(Setup!$C$16:$C$31,N70+1))) | H70: =IF(OR(NOT(L70),O70,E70="",F70=""),"",IF(E70>F70,D70,IF(F70>E70,G70,"Tie"))) | J70: =IF(Setup!$C$13=0,"",INT(64/((Setup!$C$13+1)/2))) -> 16 | K70: =IF(Setup!$C$13=0,"",MOD(64,(Setup!$C$13+1)/2)) -> 0 | L70: =AND(Setup!$C$13>0,J70<Setup!$C$13) -> FALSE | M70: =IF(NOT(L70),"",IF(K70=0,J70,MOD(J70+K70,Setup!$C$13))) | N70: =IF(NOT(L70),"",IF(K70=0,Setup!$C$13,MOD(J70-K70+Setup!$C$13,Setup!$C$13))) | O70: =AND(L70,OR(M70>=Setup!$C$12,N70>=Setup!$C$12)) -> FALSE | P70: =IF(AND(L70,NOT(O70),E70<>"",F70<>""),1,0) -> 0 | Q70: =IF(L70,D70&"|"&G70,"") | R70: =IF(L70,G70&"|"&D70,"")
B71: =IF(L71,J71+1,"") | C71: =IF(NOT(L71),"",IF(O71,"Bye",IF(IF(MOD(Setup!$C$12,2)=1,K71,K71+1)>Setup!$C$8,"Next free",IF(MOD(Setup!$C$12,2)=1,K71,K71+1)))) | D71: =IF(NOT(L71),"",IF(M71>=Setup!$C$12,"Bye",INDEX(Setup!$C$16:$C$31,M71+1))) | G71: =IF(NOT(L71),"",IF(N71>=Setup!$C$12,"Bye",INDEX(Setup!$C$16:$C$31,N71+1))) | H71: =IF(OR(NOT(L71),O71,E71="",F71=""),"",IF(E71>F71,D71,IF(F71>E71,G71,"Tie"))) | J71: =IF(Setup!$C$13=0,"",INT(65/((Setup!$C$13+1)/2))) -> 16 | K71: =IF(Setup!$C$13=0,"",MOD(65,(Setup!$C$13+1)/2)) -> 1 | L71: =AND(Setup!$C$13>0,J71<Setup!$C$13) -> FALSE | M71: =IF(NOT(L71),"",IF(K71=0,J71,MOD(J71+K71,Setup!$C$13))) | N71: =IF(NOT(L71),"",IF(K71=0,Setup!$C$13,MOD(J71-K71+Setup!$C$13,Setup!$C$13))) | O71: =AND(L71,OR(M71>=Setup!$C$12,N71>=Setup!$C$12)) -> FALSE | P71: =IF(AND(L71,NOT(O71),E71<>"",F71<>""),1,0) -> 0 | Q71: =IF(L71,D71&"|"&G71,"") | R71: =IF(L71,G71&"|"&D71,"")
B72: =IF(L72,J72+1,"") | C72: =IF(NOT(L72),"",IF(O72,"Bye",IF(IF(MOD(Setup!$C$12,2)=1,K72,K72+1)>Setup!$C$8,"Next free",IF(MOD(Setup!$C$12,2)=1,K72,K72+1)))) | D72: =IF(NOT(L72),"",IF(M72>=Setup!$C$12,"Bye",INDEX(Setup!$C$16:$C$31,M72+1))) | G72: =IF(NOT(L72),"",IF(N72>=Setup!$C$12,"Bye",INDEX(Setup!$C$16:$C$31,N72+1))) | H72: =IF(OR(NOT(L72),O72,E72="",F72=""),"",IF(E72>F72,D72,IF(F72>E72,G72,"Tie"))) | J72: =IF(Setup!$C$13=0,"",INT(66/((Setup!$C$13+1)/2))) -> 16 | K72: =IF(Setup!$C$13=0,"",MOD(66,(Setup!$C$13+1)/2)) -> 2 | L72: =AND(Setup!$C$13>0,J72<Setup!$C$13) -> FALSE | M72: =IF(NOT(L72),"",IF(K72=0,J72,MOD(J72+K72,Setup!$C$13))) | N72: =IF(NOT(L72),"",IF(K72=0,Setup!$C$13,MOD(J72-K72+Setup!$C$13,Setup!$C$13))) | O72: =AND(L72,OR(M72>=Setup!$C$12,N72>=Setup!$C$12)) -> FALSE | P72: =IF(AND(L72,NOT(O72),E72<>"",F72<>""),1,0) -> 0 | Q72: =IF(L72,D72&"|"&G72,"") | R72: =IF(L72,G72&"|"&D72,"")
B73: =IF(L73,J73+1,"") | C73: =IF(NOT(L73),"",IF(O73,"Bye",IF(IF(MOD(Setup!$C$12,2)=1,K73,K73+1)>Setup!$C$8,"Next free",IF(MOD(Setup!$C$12,2)=1,K73,K73+1)))) | D73: =IF(NOT(L73),"",IF(M73>=Setup!$C$12,"Bye",INDEX(Setup!$C$16:$C$31,M73+1))) | G73: =IF(NOT(L73),"",IF(N73>=Setup!$C$12,"Bye",INDEX(Setup!$C$16:$C$31,N73+1))) | H73: =IF(OR(NOT(L73),O73,E73="",F73=""),"",IF(E73>F73,D73,IF(F73>E73,G73,"Tie"))) | J73: =IF(Setup!$C$13=0,"",INT(67/((Setup!$C$13+1)/2))) -> 16 | K73: =IF(Setup!$C$13=0,"",MOD(67,(Setup!$C$13+1)/2)) -> 3 | L73: =AND(Setup!$C$13>0,J73<Setup!$C$13) -> FALSE | M73: =IF(NOT(L73),"",IF(K73=0,J73,MOD(J73+K73,Setup!$C$13))) | N73: =IF(NOT(L73),"",IF(K73=0,Setup!$C$13,MOD(J73-K73+Setup!$C$13,Setup!$C$13))) | O73: =AND(L73,OR(M73>=Setup!$C$12,N73>=Setup!$C$12)) -> FALSE | P73: =IF(AND(L73,NOT(O73),E73<>"",F73<>""),1,0) -> 0 | Q73: =IF(L73,D73&"|"&G73,"") | R73: =IF(L73,G73&"|"&D73,"")
B74: =IF(L74,J74+1,"") | C74: =IF(NOT(L74),"",IF(O74,"Bye",IF(IF(MOD(Setup!$C$12,2)=1,K74,K74+1)>Setup!$C$8,"Next free",IF(MOD(Setup!$C$12,2)=1,K74,K74+1)))) | D74: =IF(NOT(L74),"",IF(M74>=Setup!$C$12,"Bye",INDEX(Setup!$C$16:$C$31,M74+1))) | G74: =IF(NOT(L74),"",IF(N74>=Setup!$C$12,"Bye",INDEX(Setup!$C$16:$C$31,N74+1))) | H74: =IF(OR(NOT(L74),O74,E74="",F74=""),"",IF(E74>F74,D74,IF(F74>E74,G74,"Tie"))) | J74: =IF(Setup!$C$13=0,"",INT(68/((Setup!$C$13+1)/2))) -> 17 | K74: =IF(Setup!$C$13=0,"",MOD(68,(Setup!$C$13+1)/2)) -> 0 | L74: =AND(Setup!$C$13>0,J74<Setup!$C$13) -> FALSE | M74: =IF(NOT(L74),"",IF(K74=0,J74,MOD(J74+K74,Setup!$C$13))) | N74: =IF(NOT(L74),"",IF(K74=0,Setup!$C$13,MOD(J74-K74+Setup!$C$13,Setup!$C$13))) | O74: =AND(L74,OR(M74>=Setup!$C$12,N74>=Setup!$C$12)) -> FALSE | P74: =IF(AND(L74,NOT(O74),E74<>"",F74<>""),1,0) -> 0 | Q74: =IF(L74,D74&"|"&G74,"") | R74: =IF(L74,G74&"|"&D74,"")
B75: =IF(L75,J75+1,"") | C75: =IF(NOT(L75),"",IF(O75,"Bye",IF(IF(MOD(Setup!$C$12,2)=1,K75,K75+1)>Setup!$C$8,"Next free",IF(MOD(Setup!$C$12,2)=1,K75,K75+1)))) | D75: =IF(NOT(L75),"",IF(M75>=Setup!$C$12,"Bye",INDEX(Setup!$C$16:$C$31,M75+1))) | G75: =IF(NOT(L75),"",IF(N75>=Setup!$C$12,"Bye",INDEX(Setup!$C$16:$C$31,N75+1))) | H75: =IF(OR(NOT(L75),O75,E75="",F75=""),"",IF(E75>F75,D75,IF(F75>E75,G75,"Tie"))) | J75: =IF(Setup!$C$13=0,"",INT(69/((Setup!$C$13+1)/2))) -> 17 | K75: =IF(Setup!$C$13=0,"",MOD(69,(Setup!$C$13+1)/2)) -> 1 | L75: =AND(Setup!$C$13>0,J75<Setup!$C$13) -> FALSE | M75: =IF(NOT(L75),"",IF(K75=0,J75,MOD(J75+K75,Setup!$C$13))) | N75: =IF(NOT(L75),"",IF(K75=0,Setup!$C$13,MOD(J75-K75+Setup!$C$13,Setup!$C$13))) | O75: =AND(L75,OR(M75>=Setup!$C$12,N75>=Setup!$C$12)) -> FALSE | P75: =IF(AND(L75,NOT(O75),E75<>"",F75<>""),1,0) -> 0 | Q75: =IF(L75,D75&"|"&G75,"") | R75: =IF(L75,G75&"|"&D75,"")
B76: =IF(L76,J76+1,"") | C76: =IF(NOT(L76),"",IF(O76,"Bye",IF(IF(MOD(Setup!$C$12,2)=1,K76,K76+1)>Setup!$C$8,"Next free",IF(MOD(Setup!$C$12,2)=1,K76,K76+1)))) | D76: =IF(NOT(L76),"",IF(M76>=Setup!$C$12,"Bye",INDEX(Setup!$C$16:$C$31,M76+1))) | G76: =IF(NOT(L76),"",IF(N76>=Setup!$C$12,"Bye",INDEX(Setup!$C$16:$C$31,N76+1))) | H76: =IF(OR(NOT(L76),O76,E76="",F76=""),"",IF(E76>F76,D76,IF(F76>E76,G76,"Tie"))) | J76: =IF(Setup!$C$13=0,"",INT(70/((Setup!$C$13+1)/2))) -> 17 | K76: =IF(Setup!$C$13=0,"",MOD(70,(Setup!$C$13+1)/2)) -> 2 | L76: =AND(Setup!$C$13>0,J76<Setup!$C$13) -> FALSE | M76: =IF(NOT(L76),"",IF(K76=0,J76,MOD(J76+K76,Setup!$C$13))) | N76: =IF(NOT(L76),"",IF(K76=0,Setup!$C$13,MOD(J76-K76+Setup!$C$13,Setup!$C$13))) | O76: =AND(L76,OR(M76>=Setup!$C$12,N76>=Setup!$C$12)) -> FALSE | P76: =IF(AND(L76,NOT(O76),E76<>"",F76<>""),1,0) -> 0 | Q76: =IF(L76,D76&"|"&G76,"") | R76: =IF(L76,G76&"|"&D76,"")
B77: =IF(L77,J77+1,"") | C77: =IF(NOT(L77),"",IF(O77,"Bye",IF(IF(MOD(Setup!$C$12,2)=1,K77,K77+1)>Setup!$C$8,"Next free",IF(MOD(Setup!$C$12,2)=1,K77,K77+1)))) | D77: =IF(NOT(L77),"",IF(M77>=Setup!$C$12,"Bye",INDEX(Setup!$C$16:$C$31,M77+1))) | G77: =IF(NOT(L77),"",IF(N77>=Setup!$C$12,"Bye",INDEX(Setup!$C$16:$C$31,N77+1))) | H77: =IF(OR(NOT(L77),O77,E77="",F77=""),"",IF(E77>F77,D77,IF(F77>E77,G77,"Tie"))) | J77: =IF(Setup!$C$13=0,"",INT(71/((Setup!$C$13+1)/2))) -> 17 | K77: =IF(Setup!$C$13=0,"",MOD(71,(Setup!$C$13+1)/2)) -> 3 | L77: =AND(Setup!$C$13>0,J77<Setup!$C$13) -> FALSE | M77: =IF(NOT(L77),"",IF(K77=0,J77,MOD(J77+K77,Setup!$C$13))) | N77: =IF(NOT(L77),"",IF(K77=0,Setup!$C$13,MOD(J77-K77+Setup!$C$13,Setup!$C$13))) | O77: =AND(L77,OR(M77>=Setup!$C$12,N77>=Setup!$C$12)) -> FALSE | P77: =IF(AND(L77,NOT(O77),E77<>"",F77<>""),1,0) -> 0 | Q77: =IF(L77,D77&"|"&G77,"") | R77: =IF(L77,G77&"|"&D77,"")
B78: =IF(L78,J78+1,"") | C78: =IF(NOT(L78),"",IF(O78,"Bye",IF(IF(MOD(Setup!$C$12,2)=1,K78,K78+1)>Setup!$C$8,"Next free",IF(MOD(Setup!$C$12,2)=1,K78,K78+1)))) | D78: =IF(NOT(L78),"",IF(M78>=Setup!$C$12,"Bye",INDEX(Setup!$C$16:$C$31,M78+1))) | G78: =IF(NOT(L78),"",IF(N78>=Setup!$C$12,"Bye",INDEX(Setup!$C$16:$C$31,N78+1))) | H78: =IF(OR(NOT(L78),O78,E78="",F78=""),"",IF(E78>F78,D78,IF(F78>E78,G78,"Tie"))) | J78: =IF(Setup!$C$13=0,"",INT(72/((Setup!$C$13+1)/2))) -> 18 | K78: =IF(Setup!$C$13=0,"",MOD(72,(Setup!$C$13+1)/2)) -> 0 | L78: =AND(Setup!$C$13>0,J78<Setup!$C$13) -> FALSE | M78: =IF(NOT(L78),"",IF(K78=0,J78,MOD(J78+K78,Setup!$C$13))) | N78: =IF(NOT(L78),"",IF(K78=0,Setup!$C$13,MOD(J78-K78+Setup!$C$13,Setup!$C$13))) | O78: =AND(L78,OR(M78>=Setup!$C$12,N78>=Setup!$C$12)) -> FALSE | P78: =IF(AND(L78,NOT(O78),E78<>"",F78<>""),1,0) -> 0 | Q78: =IF(L78,D78&"|"&G78,"") | R78: =IF(L78,G78&"|"&D78,"")
B79: =IF(L79,J79+1,"") | C79: =IF(NOT(L79),"",IF(O79,"Bye",IF(IF(MOD(Setup!$C$12,2)=1,K79,K79+1)>Setup!$C$8,"Next free",IF(MOD(Setup!$C$12,2)=1,K79,K79+1)))) | D79: =IF(NOT(L79),"",IF(M79>=Setup!$C$12,"Bye",INDEX(Setup!$C$16:$C$31,M79+1))) | G79: =IF(NOT(L79),"",IF(N79>=Setup!$C$12,"Bye",INDEX(Setup!$C$16:$C$31,N79+1))) | H79: =IF(OR(NOT(L79),O79,E79="",F79=""),"",IF(E79>F79,D79,IF(F79>E79,G79,"Tie"))) | J79: =IF(Setup!$C$13=0,"",INT(73/((Setup!$C$13+1)/2))) -> 18 | K79: =IF(Setup!$C$13=0,"",MOD(73,(Setup!$C$13+1)/2)) -> 1 | L79: =AND(Setup!$C$13>0,J79<Setup!$C$13) -> FALSE | M79: =IF(NOT(L79),"",IF(K79=0,J79,MOD(J79+K79,Setup!$C$13))) | N79: =IF(NOT(L79),"",IF(K79=0,Setup!$C$13,MOD(J79-K79+Setup!$C$13,Setup!$C$13))) | O79: =AND(L79,OR(M79>=Setup!$C$12,N79>=Setup!$C$12)) -> FALSE | P79: =IF(AND(L79,NOT(O79),E79<>"",F79<>""),1,0) -> 0 | Q79: =IF(L79,D79&"|"&G79,"") | R79: =IF(L79,G79&"|"&D79,"")
B80: =IF(L80,J80+1,"") | C80: =IF(NOT(L80),"",IF(O80,"Bye",IF(IF(MOD(Setup!$C$12,2)=1,K80,K80+1)>Setup!$C$8,"Next free",IF(MOD(Setup!$C$12,2)=1,K80,K80+1)))) | D80: =IF(NOT(L80),"",IF(M80>=Setup!$C$12,"Bye",INDEX(Setup!$C$16:$C$31,M80+1))) | G80: =IF(NOT(L80),"",IF(N80>=Setup!$C$12,"Bye",INDEX(Setup!$C$16:$C$31,N80+1))) | H80: =IF(OR(NOT(L80),O80,E80="",F80=""),"",IF(E80>F80,D80,IF(F80>E80,G80,"Tie"))) | J80: =IF(Setup!$C$13=0,"",INT(74/((Setup!$C$13+1)/2))) -> 18 | K80: =IF(Setup!$C$13=0,"",MOD(74,(Setup!$C$13+1)/2)) -> 2 | L80: =AND(Setup!$C$13>0,J80<Setup!$C$13) -> FALSE | M80: =IF(NOT(L80),"",IF(K80=0,J80,MOD(J80+K80,Setup!$C$13))) | N80: =IF(NOT(L80),"",IF(K80=0,Setup!$C$13,MOD(J80-K80+Setup!$C$13,Setup!$C$13))) | O80: =AND(L80,OR(M80>=Setup!$C$12,N80>=Setup!$C$12)) -> FALSE | P80: =IF(AND(L80,NOT(O80),E80<>"",F80<>""),1,0) -> 0 | Q80: =IF(L80,D80&"|"&G80,"") | R80: =IF(L80,G80&"|"&D80,"")
B81: =IF(L81,J81+1,"") | C81: =IF(NOT(L81),"",IF(O81,"Bye",IF(IF(MOD(Setup!$C$12,2)=1,K81,K81+1)>Setup!$C$8,"Next free",IF(MOD(Setup!$C$12,2)=1,K81,K81+1)))) | D81: =IF(NOT(L81),"",IF(M81>=Setup!$C$12,"Bye",INDEX(Setup!$C$16:$C$31,M81+1))) | G81: =IF(NOT(L81),"",IF(N81>=Setup!$C$12,"Bye",INDEX(Setup!$C$16:$C$31,N81+1))) | H81: =IF(OR(NOT(L81),O81,E81="",F81=""),"",IF(E81>F81,D81,IF(F81>E81,G81,"Tie"))) | J81: =IF(Setup!$C$13=0,"",INT(75/((Setup!$C$13+1)/2))) -> 18 | K81: =IF(Setup!$C$13=0,"",MOD(75,(Setup!$C$13+1)/2)) -> 3 | L81: =AND(Setup!$C$13>0,J81<Setup!$C$13) -> FALSE | M81: =IF(NOT(L81),"",IF(K81=0,J81,MOD(J81+K81,Setup!$C$13))) | N81: =IF(NOT(L81),"",IF(K81=0,Setup!$C$13,MOD(J81-K81+Setup!$C$13,Setup!$C$13))) | O81: =AND(L81,OR(M81>=Setup!$C$12,N81>=Setup!$C$12)) -> FALSE | P81: =IF(AND(L81,NOT(O81),E81<>"",F81<>""),1,0) -> 0 | Q81: =IF(L81,D81&"|"&G81,"") | R81: =IF(L81,G81&"|"&D81,"")
B82: =IF(L82,J82+1,"") | C82: =IF(NOT(L82),"",IF(O82,"Bye",IF(IF(MOD(Setup!$C$12,2)=1,K82,K82+1)>Setup!$C$8,"Next free",IF(MOD(Setup!$C$12,2)=1,K82,K82+1)))) | D82: =IF(NOT(L82),"",IF(M82>=Setup!$C$12,"Bye",INDEX(Setup!$C$16:$C$31,M82+1))) | G82: =IF(NOT(L82),"",IF(N82>=Setup!$C$12,"Bye",INDEX(Setup!$C$16:$C$31,N82+1))) | H82: =IF(OR(NOT(L82),O82,E82="",F82=""),"",IF(E82>F82,D82,IF(F82>E82,G82,"Tie"))) | J82: =IF(Setup!$C$13=0,"",INT(76/((Setup!$C$13+1)/2))) -> 19 | K82: =IF(Setup!$C$13=0,"",MOD(76,(Setup!$C$13+1)/2)) -> 0 | L82: =AND(Setup!$C$13>0,J82<Setup!$C$13) -> FALSE | M82: =IF(NOT(L82),"",IF(K82=0,J82,MOD(J82+K82,Setup!$C$13))) | N82: =IF(NOT(L82),"",IF(K82=0,Setup!$C$13,MOD(J82-K82+Setup!$C$13,Setup!$C$13))) | O82: =AND(L82,OR(M82>=Setup!$C$12,N82>=Setup!$C$12)) -> FALSE | P82: =IF(AND(L82,NOT(O82),E82<>"",F82<>""),1,0) -> 0 | Q82: =IF(L82,D82&"|"&G82,"") | R82: =IF(L82,G82&"|"&D82,"")
B83: =IF(L83,J83+1,"") | C83: =IF(NOT(L83),"",IF(O83,"Bye",IF(IF(MOD(Setup!$C$12,2)=1,K83,K83+1)>Setup!$C$8,"Next free",IF(MOD(Setup!$C$12,2)=1,K83,K83+1)))) | D83: =IF(NOT(L83),"",IF(M83>=Setup!$C$12,"Bye",INDEX(Setup!$C$16:$C$31,M83+1))) | G83: =IF(NOT(L83),"",IF(N83>=Setup!$C$12,"Bye",INDEX(Setup!$C$16:$C$31,N83+1))) | H83: =IF(OR(NOT(L83),O83,E83="",F83=""),"",IF(E83>F83,D83,IF(F83>E83,G83,"Tie"))) | J83: =IF(Setup!$C$13=0,"",INT(77/((Setup!$C$13+1)/2))) -> 19 | K83: =IF(Setup!$C$13=0,"",MOD(77,(Setup!$C$13+1)/2)) -> 1 | L83: =AND(Setup!$C$13>0,J83<Setup!$C$13) -> FALSE | M83: =IF(NOT(L83),"",IF(K83=0,J83,MOD(J83+K83,Setup!$C$13))) | N83: =IF(NOT(L83),"",IF(K83=0,Setup!$C$13,MOD(J83-K83+Setup!$C$13,Setup!$C$13))) | O83: =AND(L83,OR(M83>=Setup!$C$12,N83>=Setup!$C$12)) -> FALSE | P83: =IF(AND(L83,NOT(O83),E83<>"",F83<>""),1,0) -> 0 | Q83: =IF(L83,D83&"|"&G83,"") | R83: =IF(L83,G83&"|"&D83,"")
B84: =IF(L84,J84+1,"") | C84: =IF(NOT(L84),"",IF(O84,"Bye",IF(IF(MOD(Setup!$C$12,2)=1,K84,K84+1)>Setup!$C$8,"Next free",IF(MOD(Setup!$C$12,2)=1,K84,K84+1)))) | D84: =IF(NOT(L84),"",IF(M84>=Setup!$C$12,"Bye",INDEX(Setup!$C$16:$C$31,M84+1))) | G84: =IF(NOT(L84),"",IF(N84>=Setup!$C$12,"Bye",INDEX(Setup!$C$16:$C$31,N84+1))) | H84: =IF(OR(NOT(L84),O84,E84="",F84=""),"",IF(E84>F84,D84,IF(F84>E84,G84,"Tie"))) | J84: =IF(Setup!$C$13=0,"",INT(78/((Setup!$C$13+1)/2))) -> 19 | K84: =IF(Setup!$C$13=0,"",MOD(78,(Setup!$C$13+1)/2)) -> 2 | L84: =AND(Setup!$C$13>0,J84<Setup!$C$13) -> FALSE | M84: =IF(NOT(L84),"",IF(K84=0,J84,MOD(J84+K84,Setup!$C$13))) | N84: =IF(NOT(L84),"",IF(K84=0,Setup!$C$13,MOD(J84-K84+Setup!$C$13,Setup!$C$13))) | O84: =AND(L84,OR(M84>=Setup!$C$12,N84>=Setup!$C$12)) -> FALSE | P84: =IF(AND(L84,NOT(O84),E84<>"",F84<>""),1,0) -> 0 | Q84: =IF(L84,D84&"|"&G84,"") | R84: =IF(L84,G84&"|"&D84,"")
B85: =IF(L85,J85+1,"") | C85: =IF(NOT(L85),"",IF(O85,"Bye",IF(IF(MOD(Setup!$C$12,2)=1,K85,K85+1)>Setup!$C$8,"Next free",IF(MOD(Setup!$C$12,2)=1,K85,K85+1)))) | D85: =IF(NOT(L85),"",IF(M85>=Setup!$C$12,"Bye",INDEX(Setup!$C$16:$C$31,M85+1))) | G85: =IF(NOT(L85),"",IF(N85>=Setup!$C$12,"Bye",INDEX(Setup!$C$16:$C$31,N85+1))) | H85: =IF(OR(NOT(L85),O85,E85="",F85=""),"",IF(E85>F85,D85,IF(F85>E85,G85,"Tie"))) | J85: =IF(Setup!$C$13=0,"",INT(79/((Setup!$C$13+1)/2))) -> 19 | K85: =IF(Setup!$C$13=0,"",MOD(79,(Setup!$C$13+1)/2)) -> 3 | L85: =AND(Setup!$C$13>0,J85<Setup!$C$13) -> FALSE | M85: =IF(NOT(L85),"",IF(K85=0,J85,MOD(J85+K85,Setup!$C$13))) | N85: =IF(NOT(L85),"",IF(K85=0,Setup!$C$13,MOD(J85-K85+Setup!$C$13,Setup!$C$13))) | O85: =AND(L85,OR(M85>=Setup!$C$12,N85>=Setup!$C$12)) -> FALSE | P85: =IF(AND(L85,NOT(O85),E85<>"",F85<>""),1,0) -> 0 | Q85: =IF(L85,D85&"|"&G85,"") | R85: =IF(L85,G85&"|"&D85,"")
B86: =IF(L86,J86+1,"") | C86: =IF(NOT(L86),"",IF(O86,"Bye",IF(IF(MOD(Setup!$C$12,2)=1,K86,K86+1)>Setup!$C$8,"Next free",IF(MOD(Setup!$C$12,2)=1,K86,K86+1)))) | D86: =IF(NOT(L86),"",IF(M86>=Setup!$C$12,"Bye",INDEX(Setup!$C$16:$C$31,M86+1))) | G86: =IF(NOT(L86),"",IF(N86>=Setup!$C$12,"Bye",INDEX(Setup!$C$16:$C$31,N86+1))) | H86: =IF(OR(NOT(L86),O86,E86="",F86=""),"",IF(E86>F86,D86,IF(F86>E86,G86,"Tie"))) | J86: =IF(Setup!$C$13=0,"",INT(80/((Setup!$C$13+1)/2))) -> 20 | K86: =IF(Setup!$C$13=0,"",MOD(80,(Setup!$C$13+1)/2)) -> 0 | L86: =AND(Setup!$C$13>0,J86<Setup!$C$13) -> FALSE | M86: =IF(NOT(L86),"",IF(K86=0,J86,MOD(J86+K86,Setup!$C$13))) | N86: =IF(NOT(L86),"",IF(K86=0,Setup!$C$13,MOD(J86-K86+Setup!$C$13,Setup!$C$13))) | O86: =AND(L86,OR(M86>=Setup!$C$12,N86>=Setup!$C$12)) -> FALSE | P86: =IF(AND(L86,NOT(O86),E86<>"",F86<>""),1,0) -> 0 | Q86: =IF(L86,D86&"|"&G86,"") | R86: =IF(L86,G86&"|"&D86,"")
B87: =IF(L87,J87+1,"") | C87: =IF(NOT(L87),"",IF(O87,"Bye",IF(IF(MOD(Setup!$C$12,2)=1,K87,K87+1)>Setup!$C$8,"Next free",IF(MOD(Setup!$C$12,2)=1,K87,K87+1)))) | D87: =IF(NOT(L87),"",IF(M87>=Setup!$C$12,"Bye",INDEX(Setup!$C$16:$C$31,M87+1))) | G87: =IF(NOT(L87),"",IF(N87>=Setup!$C$12,"Bye",INDEX(Setup!$C$16:$C$31,N87+1))) | H87: =IF(OR(NOT(L87),O87,E87="",F87=""),"",IF(E87>F87,D87,IF(F87>E87,G87,"Tie"))) | J87: =IF(Setup!$C$13=0,"",INT(81/((Setup!$C$13+1)/2))) -> 20 | K87: =IF(Setup!$C$13=0,"",MOD(81,(Setup!$C$13+1)/2)) -> 1 | L87: =AND(Setup!$C$13>0,J87<Setup!$C$13) -> FALSE | M87: =IF(NOT(L87),"",IF(K87=0,J87,MOD(J87+K87,Setup!$C$13))) | N87: =IF(NOT(L87),"",IF(K87=0,Setup!$C$13,MOD(J87-K87+Setup!$C$13,Setup!$C$13))) | O87: =AND(L87,OR(M87>=Setup!$C$12,N87>=Setup!$C$12)) -> FALSE | P87: =IF(AND(L87,NOT(O87),E87<>"",F87<>""),1,0) -> 0 | Q87: =IF(L87,D87&"|"&G87,"") | R87: =IF(L87,G87&"|"&D87,"")
B88: =IF(L88,J88+1,"") | C88: =IF(NOT(L88),"",IF(O88,"Bye",IF(IF(MOD(Setup!$C$12,2)=1,K88,K88+1)>Setup!$C$8,"Next free",IF(MOD(Setup!$C$12,2)=1,K88,K88+1)))) | D88: =IF(NOT(L88),"",IF(M88>=Setup!$C$12,"Bye",INDEX(Setup!$C$16:$C$31,M88+1))) | G88: =IF(NOT(L88),"",IF(N88>=Setup!$C$12,"Bye",INDEX(Setup!$C$16:$C$31,N88+1))) | H88: =IF(OR(NOT(L88),O88,E88="",F88=""),"",IF(E88>F88,D88,IF(F88>E88,G88,"Tie"))) | J88: =IF(Setup!$C$13=0,"",INT(82/((Setup!$C$13+1)/2))) -> 20 | K88: =IF(Setup!$C$13=0,"",MOD(82,(Setup!$C$13+1)/2)) -> 2 | L88: =AND(Setup!$C$13>0,J88<Setup!$C$13) -> FALSE | M88: =IF(NOT(L88),"",IF(K88=0,J88,MOD(J88+K88,Setup!$C$13))) | N88: =IF(NOT(L88),"",IF(K88=0,Setup!$C$13,MOD(J88-K88+Setup!$C$13,Setup!$C$13))) | O88: =AND(L88,OR(M88>=Setup!$C$12,N88>=Setup!$C$12)) -> FALSE | P88: =IF(AND(L88,NOT(O88),E88<>"",F88<>""),1,0) -> 0 | Q88: =IF(L88,D88&"|"&G88,"") | R88: =IF(L88,G88&"|"&D88,"")
B89: =IF(L89,J89+1,"") | C89: =IF(NOT(L89),"",IF(O89,"Bye",IF(IF(MOD(Setup!$C$12,2)=1,K89,K89+1)>Setup!$C$8,"Next free",IF(MOD(Setup!$C$12,2)=1,K89,K89+1)))) | D89: =IF(NOT(L89),"",IF(M89>=Setup!$C$12,"Bye",INDEX(Setup!$C$16:$C$31,M89+1))) | G89: =IF(NOT(L89),"",IF(N89>=Setup!$C$12,"Bye",INDEX(Setup!$C$16:$C$31,N89+1))) | H89: =IF(OR(NOT(L89),O89,E89="",F89=""),"",IF(E89>F89,D89,IF(F89>E89,G89,"Tie"))) | J89: =IF(Setup!$C$13=0,"",INT(83/((Setup!$C$13+1)/2))) -> 20 | K89: =IF(Setup!$C$13=0,"",MOD(83,(Setup!$C$13+1)/2)) -> 3 | L89: =AND(Setup!$C$13>0,J89<Setup!$C$13) -> FALSE | M89: =IF(NOT(L89),"",IF(K89=0,J89,MOD(J89+K89,Setup!$C$13))) | N89: =IF(NOT(L89),"",IF(K89=0,Setup!$C$13,MOD(J89-K89+Setup!$C$13,Setup!$C$13))) | O89: =AND(L89,OR(M89>=Setup!$C$12,N89>=Setup!$C$12)) -> FALSE | P89: =IF(AND(L89,NOT(O89),E89<>"",F89<>""),1,0) -> 0 | Q89: =IF(L89,D89&"|"&G89,"") | R89: =IF(L89,G89&"|"&D89,"")
B90: =IF(L90,J90+1,"") | C90: =IF(NOT(L90),"",IF(O90,"Bye",IF(IF(MOD(Setup!$C$12,2)=1,K90,K90+1)>Setup!$C$8,"Next free",IF(MOD(Setup!$C$12,2)=1,K90,K90+1)))) | D90: =IF(NOT(L90),"",IF(M90>=Setup!$C$12,"Bye",INDEX(Setup!$C$16:$C$31,M90+1))) | G90: =IF(NOT(L90),"",IF(N90>=Setup!$C$12,"Bye",INDEX(Setup!$C$16:$C$31,N90+1))) | H90: =IF(OR(NOT(L90),O90,E90="",F90=""),"",IF(E90>F90,D90,IF(F90>E90,G90,"Tie"))) | J90: =IF(Setup!$C$13=0,"",INT(84/((Setup!$C$13+1)/2))) -> 21 | K90: =IF(Setup!$C$13=0,"",MOD(84,(Setup!$C$13+1)/2)) -> 0 | L90: =AND(Setup!$C$13>0,J90<Setup!$C$13) -> FALSE | M90: =IF(NOT(L90),"",IF(K90=0,J90,MOD(J90+K90,Setup!$C$13))) | N90: =IF(NOT(L90),"",IF(K90=0,Setup!$C$13,MOD(J90-K90+Setup!$C$13,Setup!$C$13))) | O90: =AND(L90,OR(M90>=Setup!$C$12,N90>=Setup!$C$12)) -> FALSE | P90: =IF(AND(L90,NOT(O90),E90<>"",F90<>""),1,0) -> 0 | Q90: =IF(L90,D90&"|"&G90,"") | R90: =IF(L90,G90&"|"&D90,"")
B91: =IF(L91,J91+1,"") | C91: =IF(NOT(L91),"",IF(O91,"Bye",IF(IF(MOD(Setup!$C$12,2)=1,K91,K91+1)>Setup!$C$8,"Next free",IF(MOD(Setup!$C$12,2)=1,K91,K91+1)))) | D91: =IF(NOT(L91),"",IF(M91>=Setup!$C$12,"Bye",INDEX(Setup!$C$16:$C$31,M91+1))) | G91: =IF(NOT(L91),"",IF(N91>=Setup!$C$12,"Bye",INDEX(Setup!$C$16:$C$31,N91+1))) | H91: =IF(OR(NOT(L91),O91,E91="",F91=""),"",IF(E91>F91,D91,IF(F91>E91,G91,"Tie"))) | J91: =IF(Setup!$C$13=0,"",INT(85/((Setup!$C$13+1)/2))) -> 21 | K91: =IF(Setup!$C$13=0,"",MOD(85,(Setup!$C$13+1)/2)) -> 1 | L91: =AND(Setup!$C$13>0,J91<Setup!$C$13) -> FALSE | M91: =IF(NOT(L91),"",IF(K91=0,J91,MOD(J91+K91,Setup!$C$13))) | N91: =IF(NOT(L91),"",IF(K91=0,Setup!$C$13,MOD(J91-K91+Setup!$C$13,Setup!$C$13))) | O91: =AND(L91,OR(M91>=Setup!$C$12,N91>=Setup!$C$12)) -> FALSE | P91: =IF(AND(L91,NOT(O91),E91<>"",F91<>""),1,0) -> 0 | Q91: =IF(L91,D91&"|"&G91,"") | R91: =IF(L91,G91&"|"&D91,"")
B92: =IF(L92,J92+1,"") | C92: =IF(NOT(L92),"",IF(O92,"Bye",IF(IF(MOD(Setup!$C$12,2)=1,K92,K92+1)>Setup!$C$8,"Next free",IF(MOD(Setup!$C$12,2)=1,K92,K92+1)))) | D92: =IF(NOT(L92),"",IF(M92>=Setup!$C$12,"Bye",INDEX(Setup!$C$16:$C$31,M92+1))) | G92: =IF(NOT(L92),"",IF(N92>=Setup!$C$12,"Bye",INDEX(Setup!$C$16:$C$31,N92+1))) | H92: =IF(OR(NOT(L92),O92,E92="",F92=""),"",IF(E92>F92,D92,IF(F92>E92,G92,"Tie"))) | J92: =IF(Setup!$C$13=0,"",INT(86/((Setup!$C$13+1)/2))) -> 21 | K92: =IF(Setup!$C$13=0,"",MOD(86,(Setup!$C$13+1)/2)) -> 2 | L92: =AND(Setup!$C$13>0,J92<Setup!$C$13) -> FALSE | M92: =IF(NOT(L92),"",IF(K92=0,J92,MOD(J92+K92,Setup!$C$13))) | N92: =IF(NOT(L92),"",IF(K92=0,Setup!$C$13,MOD(J92-K92+Setup!$C$13,Setup!$C$13))) | O92: =AND(L92,OR(M92>=Setup!$C$12,N92>=Setup!$C$12)) -> FALSE | P92: =IF(AND(L92,NOT(O92),E92<>"",F92<>""),1,0) -> 0 | Q92: =IF(L92,D92&"|"&G92,"") | R92: =IF(L92,G92&"|"&D92,"")
B93: =IF(L93,J93+1,"") | C93: =IF(NOT(L93),"",IF(O93,"Bye",IF(IF(MOD(Setup!$C$12,2)=1,K93,K93+1)>Setup!$C$8,"Next free",IF(MOD(Setup!$C$12,2)=1,K93,K93+1)))) | D93: =IF(NOT(L93),"",IF(M93>=Setup!$C$12,"Bye",INDEX(Setup!$C$16:$C$31,M93+1))) | G93: =IF(NOT(L93),"",IF(N93>=Setup!$C$12,"Bye",INDEX(Setup!$C$16:$C$31,N93+1))) | H93: =IF(OR(NOT(L93),O93,E93="",F93=""),"",IF(E93>F93,D93,IF(F93>E93,G93,"Tie"))) | J93: =IF(Setup!$C$13=0,"",INT(87/((Setup!$C$13+1)/2))) -> 21 | K93: =IF(Setup!$C$13=0,"",MOD(87,(Setup!$C$13+1)/2)) -> 3 | L93: =AND(Setup!$C$13>0,J93<Setup!$C$13) -> FALSE | M93: =IF(NOT(L93),"",IF(K93=0,J93,MOD(J93+K93,Setup!$C$13))) | N93: =IF(NOT(L93),"",IF(K93=0,Setup!$C$13,MOD(J93-K93+Setup!$C$13,Setup!$C$13))) | O93: =AND(L93,OR(M93>=Setup!$C$12,N93>=Setup!$C$12)) -> FALSE | P93: =IF(AND(L93,NOT(O93),E93<>"",F93<>""),1,0) -> 0 | Q93: =IF(L93,D93&"|"&G93,"") | R93: =IF(L93,G93&"|"&D93,"")
B94: =IF(L94,J94+1,"") | C94: =IF(NOT(L94),"",IF(O94,"Bye",IF(IF(MOD(Setup!$C$12,2)=1,K94,K94+1)>Setup!$C$8,"Next free",IF(MOD(Setup!$C$12,2)=1,K94,K94+1)))) | D94: =IF(NOT(L94),"",IF(M94>=Setup!$C$12,"Bye",INDEX(Setup!$C$16:$C$31,M94+1))) | G94: =IF(NOT(L94),"",IF(N94>=Setup!$C$12,"Bye",INDEX(Setup!$C$16:$C$31,N94+1))) | H94: =IF(OR(NOT(L94),O94,E94="",F94=""),"",IF(E94>F94,D94,IF(F94>E94,G94,"Tie"))) | J94: =IF(Setup!$C$13=0,"",INT(88/((Setup!$C$13+1)/2))) -> 22 | K94: =IF(Setup!$C$13=0,"",MOD(88,(Setup!$C$13+1)/2)) -> 0 | L94: =AND(Setup!$C$13>0,J94<Setup!$C$13) -> FALSE | M94: =IF(NOT(L94),"",IF(K94=0,J94,MOD(J94+K94,Setup!$C$13))) | N94: =IF(NOT(L94),"",IF(K94=0,Setup!$C$13,MOD(J94-K94+Setup!$C$13,Setup!$C$13))) | O94: =AND(L94,OR(M94>=Setup!$C$12,N94>=Setup!$C$12)) -> FALSE | P94: =IF(AND(L94,NOT(O94),E94<>"",F94<>""),1,0) -> 0 | Q94: =IF(L94,D94&"|"&G94,"") | R94: =IF(L94,G94&"|"&D94,"")
B95: =IF(L95,J95+1,"") | C95: =IF(NOT(L95),"",IF(O95,"Bye",IF(IF(MOD(Setup!$C$12,2)=1,K95,K95+1)>Setup!$C$8,"Next free",IF(MOD(Setup!$C$12,2)=1,K95,K95+1)))) | D95: =IF(NOT(L95),"",IF(M95>=Setup!$C$12,"Bye",INDEX(Setup!$C$16:$C$31,M95+1))) | G95: =IF(NOT(L95),"",IF(N95>=Setup!$C$12,"Bye",INDEX(Setup!$C$16:$C$31,N95+1))) | H95: =IF(OR(NOT(L95),O95,E95="",F95=""),"",IF(E95>F95,D95,IF(F95>E95,G95,"Tie"))) | J95: =IF(Setup!$C$13=0,"",INT(89/((Setup!$C$13+1)/2))) -> 22 | K95: =IF(Setup!$C$13=0,"",MOD(89,(Setup!$C$13+1)/2)) -> 1 | L95: =AND(Setup!$C$13>0,J95<Setup!$C$13) -> FALSE | M95: =IF(NOT(L95),"",IF(K95=0,J95,MOD(J95+K95,Setup!$C$13))) | N95: =IF(NOT(L95),"",IF(K95=0,Setup!$C$13,MOD(J95-K95+Setup!$C$13,Setup!$C$13))) | O95: =AND(L95,OR(M95>=Setup!$C$12,N95>=Setup!$C$12)) -> FALSE | P95: =IF(AND(L95,NOT(O95),E95<>"",F95<>""),1,0) -> 0 | Q95: =IF(L95,D95&"|"&G95,"") | R95: =IF(L95,G95&"|"&D95,"")
B96: =IF(L96,J96+1,"") | C96: =IF(NOT(L96),"",IF(O96,"Bye",IF(IF(MOD(Setup!$C$12,2)=1,K96,K96+1)>Setup!$C$8,"Next free",IF(MOD(Setup!$C$12,2)=1,K96,K96+1)))) | D96: =IF(NOT(L96),"",IF(M96>=Setup!$C$12,"Bye",INDEX(Setup!$C$16:$C$31,M96+1))) | G96: =IF(NOT(L96),"",IF(N96>=Setup!$C$12,"Bye",INDEX(Setup!$C$16:$C$31,N96+1))) | H96: =IF(OR(NOT(L96),O96,E96="",F96=""),"",IF(E96>F96,D96,IF(F96>E96,G96,"Tie"))) | J96: =IF(Setup!$C$13=0,"",INT(90/((Setup!$C$13+1)/2))) -> 22 | K96: =IF(Setup!$C$13=0,"",MOD(90,(Setup!$C$13+1)/2)) -> 2 | L96: =AND(Setup!$C$13>0,J96<Setup!$C$13) -> FALSE | M96: =IF(NOT(L96),"",IF(K96=0,J96,MOD(J96+K96,Setup!$C$13))) | N96: =IF(NOT(L96),"",IF(K96=0,Setup!$C$13,MOD(J96-K96+Setup!$C$13,Setup!$C$13))) | O96: =AND(L96,OR(M96>=Setup!$C$12,N96>=Setup!$C$12)) -> FALSE | P96: =IF(AND(L96,NOT(O96),E96<>"",F96<>""),1,0) -> 0 | Q96: =IF(L96,D96&"|"&G96,"") | R96: =IF(L96,G96&"|"&D96,"")
B97: =IF(L97,J97+1,"") | C97: =IF(NOT(L97),"",IF(O97,"Bye",IF(IF(MOD(Setup!$C$12,2)=1,K97,K97+1)>Setup!$C$8,"Next free",IF(MOD(Setup!$C$12,2)=1,K97,K97+1)))) | D97: =IF(NOT(L97),"",IF(M97>=Setup!$C$12,"Bye",INDEX(Setup!$C$16:$C$31,M97+1))) | G97: =IF(NOT(L97),"",IF(N97>=Setup!$C$12,"Bye",INDEX(Setup!$C$16:$C$31,N97+1))) | H97: =IF(OR(NOT(L97),O97,E97="",F97=""),"",IF(E97>F97,D97,IF(F97>E97,G97,"Tie"))) | J97: =IF(Setup!$C$13=0,"",INT(91/((Setup!$C$13+1)/2))) -> 22 | K97: =IF(Setup!$C$13=0,"",MOD(91,(Setup!$C$13+1)/2)) -> 3 | L97: =AND(Setup!$C$13>0,J97<Setup!$C$13) -> FALSE | M97: =IF(NOT(L97),"",IF(K97=0,J97,MOD(J97+K97,Setup!$C$13))) | N97: =IF(NOT(L97),"",IF(K97=0,Setup!$C$13,MOD(J97-K97+Setup!$C$13,Setup!$C$13))) | O97: =AND(L97,OR(M97>=Setup!$C$12,N97>=Setup!$C$12)) -> FALSE | P97: =IF(AND(L97,NOT(O97),E97<>"",F97<>""),1,0) -> 0 | Q97: =IF(L97,D97&"|"&G97,"") | R97: =IF(L97,G97&"|"&D97,"")
B98: =IF(L98,J98+1,"") | C98: =IF(NOT(L98),"",IF(O98,"Bye",IF(IF(MOD(Setup!$C$12,2)=1,K98,K98+1)>Setup!$C$8,"Next free",IF(MOD(Setup!$C$12,2)=1,K98,K98+1)))) | D98: =IF(NOT(L98),"",IF(M98>=Setup!$C$12,"Bye",INDEX(Setup!$C$16:$C$31,M98+1))) | G98: =IF(NOT(L98),"",IF(N98>=Setup!$C$12,"Bye",INDEX(Setup!$C$16:$C$31,N98+1))) | H98: =IF(OR(NOT(L98),O98,E98="",F98=""),"",IF(E98>F98,D98,IF(F98>E98,G98,"Tie"))) | J98: =IF(Setup!$C$13=0,"",INT(92/((Setup!$C$13+1)/2))) -> 23 | K98: =IF(Setup!$C$13=0,"",MOD(92,(Setup!$C$13+1)/2)) -> 0 | L98: =AND(Setup!$C$13>0,J98<Setup!$C$13) -> FALSE | M98: =IF(NOT(L98),"",IF(K98=0,J98,MOD(J98+K98,Setup!$C$13))) | N98: =IF(NOT(L98),"",IF(K98=0,Setup!$C$13,MOD(J98-K98+Setup!$C$13,Setup!$C$13))) | O98: =AND(L98,OR(M98>=Setup!$C$12,N98>=Setup!$C$12)) -> FALSE | P98: =IF(AND(L98,NOT(O98),E98<>"",F98<>""),1,0) -> 0 | Q98: =IF(L98,D98&"|"&G98,"") | R98: =IF(L98,G98&"|"&D98,"")
B99: =IF(L99,J99+1,"") | C99: =IF(NOT(L99),"",IF(O99,"Bye",IF(IF(MOD(Setup!$C$12,2)=1,K99,K99+1)>Setup!$C$8,"Next free",IF(MOD(Setup!$C$12,2)=1,K99,K99+1)))) | D99: =IF(NOT(L99),"",IF(M99>=Setup!$C$12,"Bye",INDEX(Setup!$C$16:$C$31,M99+1))) | G99: =IF(NOT(L99),"",IF(N99>=Setup!$C$12,"Bye",INDEX(Setup!$C$16:$C$31,N99+1))) | H99: =IF(OR(NOT(L99),O99,E99="",F99=""),"",IF(E99>F99,D99,IF(F99>E99,G99,"Tie"))) | J99: =IF(Setup!$C$13=0,"",INT(93/((Setup!$C$13+1)/2))) -> 23 | K99: =IF(Setup!$C$13=0,"",MOD(93,(Setup!$C$13+1)/2)) -> 1 | L99: =AND(Setup!$C$13>0,J99<Setup!$C$13) -> FALSE | M99: =IF(NOT(L99),"",IF(K99=0,J99,MOD(J99+K99,Setup!$C$13))) | N99: =IF(NOT(L99),"",IF(K99=0,Setup!$C$13,MOD(J99-K99+Setup!$C$13,Setup!$C$13))) | O99: =AND(L99,OR(M99>=Setup!$C$12,N99>=Setup!$C$12)) -> FALSE | P99: =IF(AND(L99,NOT(O99),E99<>"",F99<>""),1,0) -> 0 | Q99: =IF(L99,D99&"|"&G99,"") | R99: =IF(L99,G99&"|"&D99,"")
B100: =IF(L100,J100+1,"") | C100: =IF(NOT(L100),"",IF(O100,"Bye",IF(IF(MOD(Setup!$C$12,2)=1,K100,K100+1)>Setup!$C$8,"Next free",IF(MOD(Setup!$C$12,2)=1,K100,K100+1)))) | D100: =IF(NOT(L100),"",IF(M100>=Setup!$C$12,"Bye",INDEX(Setup!$C$16:$C$31,M100+1))) | G100: =IF(NOT(L100),"",IF(N100>=Setup!$C$12,"Bye",INDEX(Setup!$C$16:$C$31,N100+1))) | H100: =IF(OR(NOT(L100),O100,E100="",F100=""),"",IF(E100>F100,D100,IF(F100>E100,G100,"Tie"))) | J100: =IF(Setup!$C$13=0,"",INT(94/((Setup!$C$13+1)/2))) -> 23 | K100: =IF(Setup!$C$13=0,"",MOD(94,(Setup!$C$13+1)/2)) -> 2 | L100: =AND(Setup!$C$13>0,J100<Setup!$C$13) -> FALSE | M100: =IF(NOT(L100),"",IF(K100=0,J100,MOD(J100+K100,Setup!$C$13))) | N100: =IF(NOT(L100),"",IF(K100=0,Setup!$C$13,MOD(J100-K100+Setup!$C$13,Setup!$C$13))) | O100: =AND(L100,OR(M100>=Setup!$C$12,N100>=Setup!$C$12)) -> FALSE | P100: =IF(AND(L100,NOT(O100),E100<>"",F100<>""),1,0) -> 0 | Q100: =IF(L100,D100&"|"&G100,"") | R100: =IF(L100,G100&"|"&D100,"")
B101: =IF(L101,J101+1,"") | C101: =IF(NOT(L101),"",IF(O101,"Bye",IF(IF(MOD(Setup!$C$12,2)=1,K101,K101+1)>Setup!$C$8,"Next free",IF(MOD(Setup!$C$12,2)=1,K101,K101+1)))) | D101: =IF(NOT(L101),"",IF(M101>=Setup!$C$12,"Bye",INDEX(Setup!$C$16:$C$31,M101+1))) | G101: =IF(NOT(L101),"",IF(N101>=Setup!$C$12,"Bye",INDEX(Setup!$C$16:$C$31,N101+1))) | H101: =IF(OR(NOT(L101),O101,E101="",F101=""),"",IF(E101>F101,D101,IF(F101>E101,G101,"Tie"))) | J101: =IF(Setup!$C$13=0,"",INT(95/((Setup!$C$13+1)/2))) -> 23 | K101: =IF(Setup!$C$13=0,"",MOD(95,(Setup!$C$13+1)/2)) -> 3 | L101: =AND(Setup!$C$13>0,J101<Setup!$C$13) -> FALSE | M101: =IF(NOT(L101),"",IF(K101=0,J101,MOD(J101+K101,Setup!$C$13))) | N101: =IF(NOT(L101),"",IF(K101=0,Setup!$C$13,MOD(J101-K101+Setup!$C$13,Setup!$C$13))) | O101: =AND(L101,OR(M101>=Setup!$C$12,N101>=Setup!$C$12)) -> FALSE | P101: =IF(AND(L101,NOT(O101),E101<>"",F101<>""),1,0) -> 0 | Q101: =IF(L101,D101&"|"&G101,"") | R101: =IF(L101,G101&"|"&D101,"")
B102: =IF(L102,J102+1,"") | C102: =IF(NOT(L102),"",IF(O102,"Bye",IF(IF(MOD(Setup!$C$12,2)=1,K102,K102+1)>Setup!$C$8,"Next free",IF(MOD(Setup!$C$12,2)=1,K102,K102+1)))) | D102: =IF(NOT(L102),"",IF(M102>=Setup!$C$12,"Bye",INDEX(Setup!$C$16:$C$31,M102+1))) | G102: =IF(NOT(L102),"",IF(N102>=Setup!$C$12,"Bye",INDEX(Setup!$C$16:$C$31,N102+1))) | H102: =IF(OR(NOT(L102),O102,E102="",F102=""),"",IF(E102>F102,D102,IF(F102>E102,G102,"Tie"))) | J102: =IF(Setup!$C$13=0,"",INT(96/((Setup!$C$13+1)/2))) -> 24 | K102: =IF(Setup!$C$13=0,"",MOD(96,(Setup!$C$13+1)/2)) -> 0 | L102: =AND(Setup!$C$13>0,J102<Setup!$C$13) -> FALSE | M102: =IF(NOT(L102),"",IF(K102=0,J102,MOD(J102+K102,Setup!$C$13))) | N102: =IF(NOT(L102),"",IF(K102=0,Setup!$C$13,MOD(J102-K102+Setup!$C$13,Setup!$C$13))) | O102: =AND(L102,OR(M102>=Setup!$C$12,N102>=Setup!$C$12)) -> FALSE | P102: =IF(AND(L102,NOT(O102),E102<>"",F102<>""),1,0) -> 0 | Q102: =IF(L102,D102&"|"&G102,"") | R102: =IF(L102,G102&"|"&D102,"")
...

Sheet Standings
B2: Standings
B3: POINTS, THEN GAME DIFFERENCE, THEN GAMES WON
B6: Pos | C6: Player / team | D6: Played | E6: Won | F6: Tied | G6: Lost | H6: Games for | I6: Games against | J6: Game diff | K6: Points
B7: =IF(W7="","",ROW()-6) -> 1 | C7: =IF(W7="","",INDEX($M$7:$M$22,W7)) -> Ben | D7: =IF(W7="","",INDEX($N$7:$N$22,W7)) -> 2 | E7: =IF(W7="","",INDEX($O$7:$O$22,W7)) -> 2 | F7: =IF(W7="","",INDEX($P$7:$P$22,W7)) -> 0 | G7: =IF(W7="","",INDEX($Q$7:$Q$22,W7)) -> 0 | H7: =IF(W7="","",INDEX($R$7:$R$22,W7)) -> 12 | I7: =IF(W7="","",INDEX($S$7:$S$22,W7)) -> 6 | J7: =IF(W7="","",INDEX($T$7:$T$22,W7)) -> 6 | K7: =IF(W7="","",INDEX($U$7:$U$22,W7)) -> 2 | M7: =IF(Setup!$C$16="","",Setup!$C$16) -> Anna | N7: =IF(M7="","",SUMIF(Schedule!$D$6:$D$125,M7,Schedule!$P$6:$P$125)+SUMIF(Schedule!$G$6:$G$125,M7,Schedule!$P$6:$P$125)) -> 2 | O7: =IF(M7="","",COUNTIF(Schedule!$H$6:$H$125,M7)) -> 0 | P7: =IF(M7="","",COUNTIFS(Schedule!$D$6:$D$125,M7,Schedule!$H$6:$H$125,"Tie")+COUNTIFS(Schedule!$G$6:$G$125,M7,Schedule!$H$6:$H$125,"Tie")) -> 1 | Q7: =IF(M7="","",N7-O7-P7) -> 1 | R7: =IF(M7="","",SUMIFS(Schedule!$E$6:$E$125,Schedule!$D$6:$D$125,M7,Schedule!$P$6:$P$125,1)+SUMIFS(Schedule!$F$6:$F$125,Schedule!$G$6:$G$125,M7,Schedule!$P$6:$P$125,1)) -> 9 | S7: =IF(M7="","",SUMIFS(Schedule!$F$6:$F$125,Schedule!$D$6:$D$125,M7,Schedule!$P$6:$P$125,1)+SUMIFS(Schedule!$E$6:$E$125,Schedule!$G$6:$G$125,M7,Schedule!$P$6:$P$125,1)) -> 11 | T7: =IF(M7="","",R7-S7) -> -2 | U7: =IF(M7="","",O7*Setup!$C$9+P7*Setup!$C$10) -> 0.5 | V7: =IF(M7="","",U7*1000000+(T7+1000)*1000+R7+(100-ROW())/1000) -> 1498009.1 | W7: =IF(ROW()-6>COUNT($V$7:$V$22),"",MATCH(LARGE($V$7:$V$22,ROW()-6),$V$7:$V$22,0)) -> 2
B8: =IF(W8="","",ROW()-6) -> 2 | C8: =IF(W8="","",INDEX($M$7:$M$22,W8)) -> Felix | D8: =IF(W8="","",INDEX($N$7:$N$22,W8)) -> 3 | E8: =IF(W8="","",INDEX($O$7:$O$22,W8)) -> 2 | F8: =IF(W8="","",INDEX($P$7:$P$22,W8)) -> 0 | G8: =IF(W8="","",INDEX($Q$7:$Q$22,W8)) -> 1 | H8: =IF(W8="","",INDEX($R$7:$R$22,W8)) -> 13 | I8: =IF(W8="","",INDEX($S$7:$S$22,W8)) -> 10 | J8: =IF(W8="","",INDEX($T$7:$T$22,W8)) -> 3 | K8: =IF(W8="","",INDEX($U$7:$U$22,W8)) -> 2 | M8: =IF(Setup!$C$17="","",Setup!$C$17) -> Ben | N8: =IF(M8="","",SUMIF(Schedule!$D$6:$D$125,M8,Schedule!$P$6:$P$125)+SUMIF(Schedule!$G$6:$G$125,M8,Schedule!$P$6:$P$125)) -> 2 | O8: =IF(M8="","",COUNTIF(Schedule!$H$6:$H$125,M8)) -> 2 | P8: =IF(M8="","",COUNTIFS(Schedule!$D$6:$D$125,M8,Schedule!$H$6:$H$125,"Tie")+COUNTIFS(Schedule!$G$6:$G$125,M8,Schedule!$H$6:$H$125,"Tie")) -> 0 | Q8: =IF(M8="","",N8-O8-P8) -> 0 | R8: =IF(M8="","",SUMIFS(Schedule!$E$6:$E$125,Schedule!$D$6:$D$125,M8,Schedule!$P$6:$P$125,1)+SUMIFS(Schedule!$F$6:$F$125,Schedule!$G$6:$G$125,M8,Schedule!$P$6:$P$125,1)) -> 12 | S8: =IF(M8="","",SUMIFS(Schedule!$F$6:$F$125,Schedule!$D$6:$D$125,M8,Schedule!$P$6:$P$125,1)+SUMIFS(Schedule!$E$6:$E$125,Schedule!$G$6:$G$125,M8,Schedule!$P$6:$P$125,1)) -> 6 | T8: =IF(M8="","",R8-S8) -> 6 | U8: =IF(M8="","",O8*Setup!$C$9+P8*Setup!$C$10) -> 2 | V8: =IF(M8="","",U8*1000000+(T8+1000)*1000+R8+(100-ROW())/1000) -> 3006012.1 | W8: =IF(ROW()-6>COUNT($V$7:$V$22),"",MATCH(LARGE($V$7:$V$22,ROW()-6),$V$7:$V$22,0)) -> 6
B9: =IF(W9="","",ROW()-6) -> 3 | C9: =IF(W9="","",INDEX($M$7:$M$22,W9)) -> Elena | D9: =IF(W9="","",INDEX($N$7:$N$22,W9)) -> 3 | E9: =IF(W9="","",INDEX($O$7:$O$22,W9)) -> 1 | F9: =IF(W9="","",INDEX($P$7:$P$22,W9)) -> 1 | G9: =IF(W9="","",INDEX($Q$7:$Q$22,W9)) -> 1 | H9: =IF(W9="","",INDEX($R$7:$R$22,W9)) -> 13 | I9: =IF(W9="","",INDEX($S$7:$S$22,W9)) -> 12 | J9: =IF(W9="","",INDEX($T$7:$T$22,W9)) -> 1 | K9: =IF(W9="","",INDEX($U$7:$U$22,W9)) -> 1.5 | M9: =IF(Setup!$C$18="","",Setup!$C$18) -> Carla | N9: =IF(M9="","",SUMIF(Schedule!$D$6:$D$125,M9,Schedule!$P$6:$P$125)+SUMIF(Schedule!$G$6:$G$125,M9,Schedule!$P$6:$P$125)) -> 2 | O9: =IF(M9="","",COUNTIF(Schedule!$H$6:$H$125,M9)) -> 1 | P9: =IF(M9="","",COUNTIFS(Schedule!$D$6:$D$125,M9,Schedule!$H$6:$H$125,"Tie")+COUNTIFS(Schedule!$G$6:$G$125,M9,Schedule!$H$6:$H$125,"Tie")) -> 0 | Q9: =IF(M9="","",N9-O9-P9) -> 1 | R9: =IF(M9="","",SUMIFS(Schedule!$E$6:$E$125,Schedule!$D$6:$D$125,M9,Schedule!$P$6:$P$125,1)+SUMIFS(Schedule!$F$6:$F$125,Schedule!$G$6:$G$125,M9,Schedule!$P$6:$P$125,1)) -> 10 | S9: =IF(M9="","",SUMIFS(Schedule!$F$6:$F$125,Schedule!$D$6:$D$125,M9,Schedule!$P$6:$P$125,1)+SUMIFS(Schedule!$E$6:$E$125,Schedule!$G$6:$G$125,M9,Schedule!$P$6:$P$125,1)) -> 10 | T9: =IF(M9="","",R9-S9) -> 0 | U9: =IF(M9="","",O9*Setup!$C$9+P9*Setup!$C$10) -> 1 | V9: =IF(M9="","",U9*1000000+(T9+1000)*1000+R9+(100-ROW())/1000) -> 2000010.1 | W9: =IF(ROW()-6>COUNT($V$7:$V$22),"",MATCH(LARGE($V$7:$V$22,ROW()-6),$V$7:$V$22,0)) -> 5
B10: =IF(W10="","",ROW()-6) -> 4 | C10: =IF(W10="","",INDEX($M$7:$M$22,W10)) -> David | D10: =IF(W10="","",INDEX($N$7:$N$22,W10)) -> 3 | E10: =IF(W10="","",INDEX($O$7:$O$22,W10)) -> 1 | F10: =IF(W10="","",INDEX($P$7:$P$22,W10)) -> 0 | G10: =IF(W10="","",INDEX($Q$7:$Q$22,W10)) -> 2 | H10: =IF(W10="","",INDEX($R$7:$R$22,W10)) -> 14 | I10: =IF(W10="","",INDEX($S$7:$S$22,W10)) -> 14 | J10: =IF(W10="","",INDEX($T$7:$T$22,W10)) -> 0 | K10: =IF(W10="","",INDEX($U$7:$U$22,W10)) -> 1 | M10: =IF(Setup!$C$19="","",Setup!$C$19) -> David | N10: =IF(M10="","",SUMIF(Schedule!$D$6:$D$125,M10,Schedule!$P$6:$P$125)+SUMIF(Schedule!$G$6:$G$125,M10,Schedule!$P$6:$P$125)) -> 3 | O10: =IF(M10="","",COUNTIF(Schedule!$H$6:$H$125,M10)) -> 1 | P10: =IF(M10="","",COUNTIFS(Schedule!$D$6:$D$125,M10,Schedule!$H$6:$H$125,"Tie")+COUNTIFS(Schedule!$G$6:$G$125,M10,Schedule!$H$6:$H$125,"Tie")) -> 0 | Q10: =IF(M10="","",N10-O10-P10) -> 2 | R10: =IF(M10="","",SUMIFS(Schedule!$E$6:$E$125,Schedule!$D$6:$D$125,M10,Schedule!$P$6:$P$125,1)+SUMIFS(Schedule!$F$6:$F$125,Schedule!$G$6:$G$125,M10,Schedule!$P$6:$P$125,1)) -> 14 | S10: =IF(M10="","",SUMIFS(Schedule!$F$6:$F$125,Schedule!$D$6:$D$125,M10,Schedule!$P$6:$P$125,1)+SUMIFS(Schedule!$E$6:$E$125,Schedule!$G$6:$G$125,M10,Schedule!$P$6:$P$125,1)) -> 14 | T10: =IF(M10="","",R10-S10) -> 0 | U10: =IF(M10="","",O10*Setup!$C$9+P10*Setup!$C$10) -> 1 | V10: =IF(M10="","",U10*1000000+(T10+1000)*1000+R10+(100-ROW())/1000) -> 2000014.1 | W10: =IF(ROW()-6>COUNT($V$7:$V$22),"",MATCH(LARGE($V$7:$V$22,ROW()-6),$V$7:$V$22,0)) -> 4
B11: =IF(W11="","",ROW()-6) -> 5 | C11: =IF(W11="","",INDEX($M$7:$M$22,W11)) -> Carla | D11: =IF(W11="","",INDEX($N$7:$N$22,W11)) -> 2 | E11: =IF(W11="","",INDEX($O$7:$O$22,W11)) -> 1 | F11: =IF(W11="","",INDEX($P$7:$P$22,W11)) -> 0 | G11: =IF(W11="","",INDEX($Q$7:$Q$22,W11)) -> 1 | H11: =IF(W11="","",INDEX($R$7:$R$22,W11)) -> 10 | I11: =IF(W11="","",INDEX($S$7:$S$22,W11)) -> 10 | J11: =IF(W11="","",INDEX($T$7:$T$22,W11)) -> 0 | K11: =IF(W11="","",INDEX($U$7:$U$22,W11)) -> 1 | M11: =IF(Setup!$C$20="","",Setup!$C$20) -> Elena | N11: =IF(M11="","",SUMIF(Schedule!$D$6:$D$125,M11,Schedule!$P$6:$P$125)+SUMIF(Schedule!$G$6:$G$125,M11,Schedule!$P$6:$P$125)) -> 3 | O11: =IF(M11="","",COUNTIF(Schedule!$H$6:$H$125,M11)) -> 1 | P11: =IF(M11="","",COUNTIFS(Schedule!$D$6:$D$125,M11,Schedule!$H$6:$H$125,"Tie")+COUNTIFS(Schedule!$G$6:$G$125,M11,Schedule!$H$6:$H$125,"Tie")) -> 1 | Q11: =IF(M11="","",N11-O11-P11) -> 1 | R11: =IF(M11="","",SUMIFS(Schedule!$E$6:$E$125,Schedule!$D$6:$D$125,M11,Schedule!$P$6:$P$125,1)+SUMIFS(Schedule!$F$6:$F$125,Schedule!$G$6:$G$125,M11,Schedule!$P$6:$P$125,1)) -> 13 | S11: =IF(M11="","",SUMIFS(Schedule!$F$6:$F$125,Schedule!$D$6:$D$125,M11,Schedule!$P$6:$P$125,1)+SUMIFS(Schedule!$E$6:$E$125,Schedule!$G$6:$G$125,M11,Schedule!$P$6:$P$125,1)) -> 12 | T11: =IF(M11="","",R11-S11) -> 1 | U11: =IF(M11="","",O11*Setup!$C$9+P11*Setup!$C$10) -> 1.5 | V11: =IF(M11="","",U11*1000000+(T11+1000)*1000+R11+(100-ROW())/1000) -> 2501013.1 | W11: =IF(ROW()-6>COUNT($V$7:$V$22),"",MATCH(LARGE($V$7:$V$22,ROW()-6),$V$7:$V$22,0)) -> 3
B12: =IF(W12="","",ROW()-6) -> 6 | C12: =IF(W12="","",INDEX($M$7:$M$22,W12)) -> Grace | D12: =IF(W12="","",INDEX($N$7:$N$22,W12)) -> 3 | E12: =IF(W12="","",INDEX($O$7:$O$22,W12)) -> 1 | F12: =IF(W12="","",INDEX($P$7:$P$22,W12)) -> 0 | G12: =IF(W12="","",INDEX($Q$7:$Q$22,W12)) -> 2 | H12: =IF(W12="","",INDEX($R$7:$R$22,W12)) -> 9 | I12: =IF(W12="","",INDEX($S$7:$S$22,W12)) -> 17 | J12: =IF(W12="","",INDEX($T$7:$T$22,W12)) -> -8 | K12: =IF(W12="","",INDEX($U$7:$U$22,W12)) -> 1 | M12: =IF(Setup!$C$21="","",Setup!$C$21) -> Felix | N12: =IF(M12="","",SUMIF(Schedule!$D$6:$D$125,M12,Schedule!$P$6:$P$125)+SUMIF(Schedule!$G$6:$G$125,M12,Schedule!$P$6:$P$125)) -> 3 | O12: =IF(M12="","",COUNTIF(Schedule!$H$6:$H$125,M12)) -> 2 | P12: =IF(M12="","",COUNTIFS(Schedule!$D$6:$D$125,M12,Schedule!$H$6:$H$125,"Tie")+COUNTIFS(Schedule!$G$6:$G$125,M12,Schedule!$H$6:$H$125,"Tie")) -> 0 | Q12: =IF(M12="","",N12-O12-P12) -> 1 | R12: =IF(M12="","",SUMIFS(Schedule!$E$6:$E$125,Schedule!$D$6:$D$125,M12,Schedule!$P$6:$P$125,1)+SUMIFS(Schedule!$F$6:$F$125,Schedule!$G$6:$G$125,M12,Schedule!$P$6:$P$125,1)) -> 13 | S12: =IF(M12="","",SUMIFS(Schedule!$F$6:$F$125,Schedule!$D$6:$D$125,M12,Schedule!$P$6:$P$125,1)+SUMIFS(Schedule!$E$6:$E$125,Schedule!$G$6:$G$125,M12,Schedule!$P$6:$P$125,1)) -> 10 | T12: =IF(M12="","",R12-S12) -> 3 | U12: =IF(M12="","",O12*Setup!$C$9+P12*Setup!$C$10) -> 2 | V12: =IF(M12="","",U12*1000000+(T12+1000)*1000+R12+(100-ROW())/1000) -> 3003013.1 | W12: =IF(ROW()-6>COUNT($V$7:$V$22),"",MATCH(LARGE($V$7:$V$22,ROW()-6),$V$7:$V$22,0)) -> 7
B13: =IF(W13="","",ROW()-6) -> 7 | C13: =IF(W13="","",INDEX($M$7:$M$22,W13)) -> Anna | D13: =IF(W13="","",INDEX($N$7:$N$22,W13)) -> 2 | E13: =IF(W13="","",INDEX($O$7:$O$22,W13)) -> 0 | F13: =IF(W13="","",INDEX($P$7:$P$22,W13)) -> 1 | G13: =IF(W13="","",INDEX($Q$7:$Q$22,W13)) -> 1 | H13: =IF(W13="","",INDEX($R$7:$R$22,W13)) -> 9 | I13: =IF(W13="","",INDEX($S$7:$S$22,W13)) -> 11 | J13: =IF(W13="","",INDEX($T$7:$T$22,W13)) -> -2 | K13: =IF(W13="","",INDEX($U$7:$U$22,W13)) -> 0.5 | M13: =IF(Setup!$C$22="","",Setup!$C$22) -> Grace | N13: =IF(M13="","",SUMIF(Schedule!$D$6:$D$125,M13,Schedule!$P$6:$P$125)+SUMIF(Schedule!$G$6:$G$125,M13,Schedule!$P$6:$P$125)) -> 3 | O13: =IF(M13="","",COUNTIF(Schedule!$H$6:$H$125,M13)) -> 1 | P13: =IF(M13="","",COUNTIFS(Schedule!$D$6:$D$125,M13,Schedule!$H$6:$H$125,"Tie")+COUNTIFS(Schedule!$G$6:$G$125,M13,Schedule!$H$6:$H$125,"Tie")) -> 0 | Q13: =IF(M13="","",N13-O13-P13) -> 2 | R13: =IF(M13="","",SUMIFS(Schedule!$E$6:$E$125,Schedule!$D$6:$D$125,M13,Schedule!$P$6:$P$125,1)+SUMIFS(Schedule!$F$6:$F$125,Schedule!$G$6:$G$125,M13,Schedule!$P$6:$P$125,1)) -> 9 | S13: =IF(M13="","",SUMIFS(Schedule!$F$6:$F$125,Schedule!$D$6:$D$125,M13,Schedule!$P$6:$P$125,1)+SUMIFS(Schedule!$E$6:$E$125,Schedule!$G$6:$G$125,M13,Schedule!$P$6:$P$125,1)) -> 17 | T13: =IF(M13="","",R13-S13) -> -8 | U13: =IF(M13="","",O13*Setup!$C$9+P13*Setup!$C$10) -> 1 | V13: =IF(M13="","",U13*1000000+(T13+1000)*1000+R13+(100-ROW())/1000) -> 1992009.1 | W13: =IF(ROW()-6>COUNT($V$7:$V$22),"",MATCH(LARGE($V$7:$V$22,ROW()-6),$V$7:$V$22,0)) -> 1
B14: =IF(W14="","",ROW()-6) | C14: =IF(W14="","",INDEX($M$7:$M$22,W14)) | D14: =IF(W14="","",INDEX($N$7:$N$22,W14)) | E14: =IF(W14="","",INDEX($O$7:$O$22,W14)) | F14: =IF(W14="","",INDEX($P$7:$P$22,W14)) | G14: =IF(W14="","",INDEX($Q$7:$Q$22,W14)) | H14: =IF(W14="","",INDEX($R$7:$R$22,W14)) | I14: =IF(W14="","",INDEX($S$7:$S$22,W14)) | J14: =IF(W14="","",INDEX($T$7:$T$22,W14)) | K14: =IF(W14="","",INDEX($U$7:$U$22,W14)) | M14: =IF(Setup!$C$23="","",Setup!$C$23) | N14: =IF(M14="","",SUMIF(Schedule!$D$6:$D$125,M14,Schedule!$P$6:$P$125)+SUMIF(Schedule!$G$6:$G$125,M14,Schedule!$P$6:$P$125)) | O14: =IF(M14="","",COUNTIF(Schedule!$H$6:$H$125,M14)) | P14: =IF(M14="","",COUNTIFS(Schedule!$D$6:$D$125,M14,Schedule!$H$6:$H$125,"Tie")+COUNTIFS(Schedule!$G$6:$G$125,M14,Schedule!$H$6:$H$125,"Tie")) | Q14: =IF(M14="","",N14-O14-P14) | R14: =IF(M14="","",SUMIFS(Schedule!$E$6:$E$125,Schedule!$D$6:$D$125,M14,Schedule!$P$6:$P$125,1)+SUMIFS(Schedule!$F$6:$F$125,Schedule!$G$6:$G$125,M14,Schedule!$P$6:$P$125,1)) | S14: =IF(M14="","",SUMIFS(Schedule!$F$6:$F$125,Schedule!$D$6:$D$125,M14,Schedule!$P$6:$P$125,1)+SUMIFS(Schedule!$E$6:$E$125,Schedule!$G$6:$G$125,M14,Schedule!$P$6:$P$125,1)) | T14: =IF(M14="","",R14-S14) | U14: =IF(M14="","",O14*Setup!$C$9+P14*Setup!$C$10) | V14: =IF(M14="","",U14*1000000+(T14+1000)*1000+R14+(100-ROW())/1000) | W14: =IF(ROW()-6>COUNT($V$7:$V$22),"",MATCH(LARGE($V$7:$V$22,ROW()-6),$V$7:$V$22,0))
B15: =IF(W15="","",ROW()-6) | C15: =IF(W15="","",INDEX($M$7:$M$22,W15)) | D15: =IF(W15="","",INDEX($N$7:$N$22,W15)) | E15: =IF(W15="","",INDEX($O$7:$O$22,W15)) | F15: =IF(W15="","",INDEX($P$7:$P$22,W15)) | G15: =IF(W15="","",INDEX($Q$7:$Q$22,W15)) | H15: =IF(W15="","",INDEX($R$7:$R$22,W15)) | I15: =IF(W15="","",INDEX($S$7:$S$22,W15)) | J15: =IF(W15="","",INDEX($T$7:$T$22,W15)) | K15: =IF(W15="","",INDEX($U$7:$U$22,W15)) | M15: =IF(Setup!$C$24="","",Setup!$C$24) | N15: =IF(M15="","",SUMIF(Schedule!$D$6:$D$125,M15,Schedule!$P$6:$P$125)+SUMIF(Schedule!$G$6:$G$125,M15,Schedule!$P$6:$P$125)) | O15: =IF(M15="","",COUNTIF(Schedule!$H$6:$H$125,M15)) | P15: =IF(M15="","",COUNTIFS(Schedule!$D$6:$D$125,M15,Schedule!$H$6:$H$125,"Tie")+COUNTIFS(Schedule!$G$6:$G$125,M15,Schedule!$H$6:$H$125,"Tie")) | Q15: =IF(M15="","",N15-O15-P15) | R15: =IF(M15="","",SUMIFS(Schedule!$E$6:$E$125,Schedule!$D$6:$D$125,M15,Schedule!$P$6:$P$125,1)+SUMIFS(Schedule!$F$6:$F$125,Schedule!$G$6:$G$125,M15,Schedule!$P$6:$P$125,1)) | S15: =IF(M15="","",SUMIFS(Schedule!$F$6:$F$125,Schedule!$D$6:$D$125,M15,Schedule!$P$6:$P$125,1)+SUMIFS(Schedule!$E$6:$E$125,Schedule!$G$6:$G$125,M15,Schedule!$P$6:$P$125,1)) | T15: =IF(M15="","",R15-S15) | U15: =IF(M15="","",O15*Setup!$C$9+P15*Setup!$C$10) | V15: =IF(M15="","",U15*1000000+(T15+1000)*1000+R15+(100-ROW())/1000) | W15: =IF(ROW()-6>COUNT($V$7:$V$22),"",MATCH(LARGE($V$7:$V$22,ROW()-6),$V$7:$V$22,0))
B16: =IF(W16="","",ROW()-6) | C16: =IF(W16="","",INDEX($M$7:$M$22,W16)) | D16: =IF(W16="","",INDEX($N$7:$N$22,W16)) | E16: =IF(W16="","",INDEX($O$7:$O$22,W16)) | F16: =IF(W16="","",INDEX($P$7:$P$22,W16)) | G16: =IF(W16="","",INDEX($Q$7:$Q$22,W16)) | H16: =IF(W16="","",INDEX($R$7:$R$22,W16)) | I16: =IF(W16="","",INDEX($S$7:$S$22,W16)) | J16: =IF(W16="","",INDEX($T$7:$T$22,W16)) | K16: =IF(W16="","",INDEX($U$7:$U$22,W16)) | M16: =IF(Setup!$C$25="","",Setup!$C$25) | N16: =IF(M16="","",SUMIF(Schedule!$D$6:$D$125,M16,Schedule!$P$6:$P$125)+SUMIF(Schedule!$G$6:$G$125,M16,Schedule!$P$6:$P$125)) | O16: =IF(M16="","",COUNTIF(Schedule!$H$6:$H$125,M16)) | P16: =IF(M16="","",COUNTIFS(Schedule!$D$6:$D$125,M16,Schedule!$H$6:$H$125,"Tie")+COUNTIFS(Schedule!$G$6:$G$125,M16,Schedule!$H$6:$H$125,"Tie")) | Q16: =IF(M16="","",N16-O16-P16) | R16: =IF(M16="","",SUMIFS(Schedule!$E$6:$E$125,Schedule!$D$6:$D$125,M16,Schedule!$P$6:$P$125,1)+SUMIFS(Schedule!$F$6:$F$125,Schedule!$G$6:$G$125,M16,Schedule!$P$6:$P$125,1)) | S16: =IF(M16="","",SUMIFS(Schedule!$F$6:$F$125,Schedule!$D$6:$D$125,M16,Schedule!$P$6:$P$125,1)+SUMIFS(Schedule!$E$6:$E$125,Schedule!$G$6:$G$125,M16,Schedule!$P$6:$P$125,1)) | T16: =IF(M16="","",R16-S16) | U16: =IF(M16="","",O16*Setup!$C$9+P16*Setup!$C$10) | V16: =IF(M16="","",U16*1000000+(T16+1000)*1000+R16+(100-ROW())/1000) | W16: =IF(ROW()-6>COUNT($V$7:$V$22),"",MATCH(LARGE($V$7:$V$22,ROW()-6),$V$7:$V$22,0))
B17: =IF(W17="","",ROW()-6) | C17: =IF(W17="","",INDEX($M$7:$M$22,W17)) | D17: =IF(W17="","",INDEX($N$7:$N$22,W17)) | E17: =IF(W17="","",INDEX($O$7:$O$22,W17)) | F17: =IF(W17="","",INDEX($P$7:$P$22,W17)) | G17: =IF(W17="","",INDEX($Q$7:$Q$22,W17)) | H17: =IF(W17="","",INDEX($R$7:$R$22,W17)) | I17: =IF(W17="","",INDEX($S$7:$S$22,W17)) | J17: =IF(W17="","",INDEX($T$7:$T$22,W17)) | K17: =IF(W17="","",INDEX($U$7:$U$22,W17)) | M17: =IF(Setup!$C$26="","",Setup!$C$26) | N17: =IF(M17="","",SUMIF(Schedule!$D$6:$D$125,M17,Schedule!$P$6:$P$125)+SUMIF(Schedule!$G$6:$G$125,M17,Schedule!$P$6:$P$125)) | O17: =IF(M17="","",COUNTIF(Schedule!$H$6:$H$125,M17)) | P17: =IF(M17="","",COUNTIFS(Schedule!$D$6:$D$125,M17,Schedule!$H$6:$H$125,"Tie")+COUNTIFS(Schedule!$G$6:$G$125,M17,Schedule!$H$6:$H$125,"Tie")) | Q17: =IF(M17="","",N17-O17-P17) | R17: =IF(M17="","",SUMIFS(Schedule!$E$6:$E$125,Schedule!$D$6:$D$125,M17,Schedule!$P$6:$P$125,1)+SUMIFS(Schedule!$F$6:$F$125,Schedule!$G$6:$G$125,M17,Schedule!$P$6:$P$125,1)) | S17: =IF(M17="","",SUMIFS(Schedule!$F$6:$F$125,Schedule!$D$6:$D$125,M17,Schedule!$P$6:$P$125,1)+SUMIFS(Schedule!$E$6:$E$125,Schedule!$G$6:$G$125,M17,Schedule!$P$6:$P$125,1)) | T17: =IF(M17="","",R17-S17) | U17: =IF(M17="","",O17*Setup!$C$9+P17*Setup!$C$10) | V17: =IF(M17="","",U17*1000000+(T17+1000)*1000+R17+(100-ROW())/1000) | W17: =IF(ROW()-6>COUNT($V$7:$V$22),"",MATCH(LARGE($V$7:$V$22,ROW()-6),$V$7:$V$22,0))
B18: =IF(W18="","",ROW()-6) | C18: =IF(W18="","",INDEX($M$7:$M$22,W18)) | D18: =IF(W18="","",INDEX($N$7:$N$22,W18)) | E18: =IF(W18="","",INDEX($O$7:$O$22,W18)) | F18: =IF(W18="","",INDEX($P$7:$P$22,W18)) | G18: =IF(W18="","",INDEX($Q$7:$Q$22,W18)) | H18: =IF(W18="","",INDEX($R$7:$R$22,W18)) | I18: =IF(W18="","",INDEX($S$7:$S$22,W18)) | J18: =IF(W18="","",INDEX($T$7:$T$22,W18)) | K18: =IF(W18="","",INDEX($U$7:$U$22,W18)) | M18: =IF(Setup!$C$27="","",Setup!$C$27) | N18: =IF(M18="","",SUMIF(Schedule!$D$6:$D$125,M18,Schedule!$P$6:$P$125)+SUMIF(Schedule!$G$6:$G$125,M18,Schedule!$P$6:$P$125)) | O18: =IF(M18="","",COUNTIF(Schedule!$H$6:$H$125,M18)) | P18: =IF(M18="","",COUNTIFS(Schedule!$D$6:$D$125,M18,Schedule!$H$6:$H$125,"Tie")+COUNTIFS(Schedule!$G$6:$G$125,M18,Schedule!$H$6:$H$125,"Tie")) | Q18: =IF(M18="","",N18-O18-P18) | R18: =IF(M18="","",SUMIFS(Schedule!$E$6:$E$125,Schedule!$D$6:$D$125,M18,Schedule!$P$6:$P$125,1)+SUMIFS(Schedule!$F$6:$F$125,Schedule!$G$6:$G$125,M18,Schedule!$P$6:$P$125,1)) | S18: =IF(M18="","",SUMIFS(Schedule!$F$6:$F$125,Schedule!$D$6:$D$125,M18,Schedule!$P$6:$P$125,1)+SUMIFS(Schedule!$E$6:$E$125,Schedule!$G$6:$G$125,M18,Schedule!$P$6:$P$125,1)) | T18: =IF(M18="","",R18-S18) | U18: =IF(M18="","",O18*Setup!$C$9+P18*Setup!$C$10) | V18: =IF(M18="","",U18*1000000+(T18+1000)*1000+R18+(100-ROW())/1000) | W18: =IF(ROW()-6>COUNT($V$7:$V$22),"",MATCH(LARGE($V$7:$V$22,ROW()-6),$V$7:$V$22,0))
B19: =IF(W19="","",ROW()-6) | C19: =IF(W19="","",INDEX($M$7:$M$22,W19)) | D19: =IF(W19="","",INDEX($N$7:$N$22,W19)) | E19: =IF(W19="","",INDEX($O$7:$O$22,W19)) | F19: =IF(W19="","",INDEX($P$7:$P$22,W19)) | G19: =IF(W19="","",INDEX($Q$7:$Q$22,W19)) | H19: =IF(W19="","",INDEX($R$7:$R$22,W19)) | I19: =IF(W19="","",INDEX($S$7:$S$22,W19)) | J19: =IF(W19="","",INDEX($T$7:$T$22,W19)) | K19: =IF(W19="","",INDEX($U$7:$U$22,W19)) | M19: =IF(Setup!$C$28="","",Setup!$C$28) | N19: =IF(M19="","",SUMIF(Schedule!$D$6:$D$125,M19,Schedule!$P$6:$P$125)+SUMIF(Schedule!$G$6:$G$125,M19,Schedule!$P$6:$P$125)) | O19: =IF(M19="","",COUNTIF(Schedule!$H$6:$H$125,M19)) | P19: =IF(M19="","",COUNTIFS(Schedule!$D$6:$D$125,M19,Schedule!$H$6:$H$125,"Tie")+COUNTIFS(Schedule!$G$6:$G$125,M19,Schedule!$H$6:$H$125,"Tie")) | Q19: =IF(M19="","",N19-O19-P19) | R19: =IF(M19="","",SUMIFS(Schedule!$E$6:$E$125,Schedule!$D$6:$D$125,M19,Schedule!$P$6:$P$125,1)+SUMIFS(Schedule!$F$6:$F$125,Schedule!$G$6:$G$125,M19,Schedule!$P$6:$P$125,1)) | S19: =IF(M19="","",SUMIFS(Schedule!$F$6:$F$125,Schedule!$D$6:$D$125,M19,Schedule!$P$6:$P$125,1)+SUMIFS(Schedule!$E$6:$E$125,Schedule!$G$6:$G$125,M19,Schedule!$P$6:$P$125,1)) | T19: =IF(M19="","",R19-S19) | U19: =IF(M19="","",O19*Setup!$C$9+P19*Setup!$C$10) | V19: =IF(M19="","",U19*1000000+(T19+1000)*1000+R19+(100-ROW())/1000) | W19: =IF(ROW()-6>COUNT($V$7:$V$22),"",MATCH(LARGE($V$7:$V$22,ROW()-6),$V$7:$V$22,0))
B20: =IF(W20="","",ROW()-6) | C20: =IF(W20="","",INDEX($M$7:$M$22,W20)) | D20: =IF(W20="","",INDEX($N$7:$N$22,W20)) | E20: =IF(W20="","",INDEX($O$7:$O$22,W20)) | F20: =IF(W20="","",INDEX($P$7:$P$22,W20)) | G20: =IF(W20="","",INDEX($Q$7:$Q$22,W20)) | H20: =IF(W20="","",INDEX($R$7:$R$22,W20)) | I20: =IF(W20="","",INDEX($S$7:$S$22,W20)) | J20: =IF(W20="","",INDEX($T$7:$T$22,W20)) | K20: =IF(W20="","",INDEX($U$7:$U$22,W20)) | M20: =IF(Setup!$C$29="","",Setup!$C$29) | N20: =IF(M20="","",SUMIF(Schedule!$D$6:$D$125,M20,Schedule!$P$6:$P$125)+SUMIF(Schedule!$G$6:$G$125,M20,Schedule!$P$6:$P$125)) | O20: =IF(M20="","",COUNTIF(Schedule!$H$6:$H$125,M20)) | P20: =IF(M20="","",COUNTIFS(Schedule!$D$6:$D$125,M20,Schedule!$H$6:$H$125,"Tie")+COUNTIFS(Schedule!$G$6:$G$125,M20,Schedule!$H$6:$H$125,"Tie")) | Q20: =IF(M20="","",N20-O20-P20) | R20: =IF(M20="","",SUMIFS(Schedule!$E$6:$E$125,Schedule!$D$6:$D$125,M20,Schedule!$P$6:$P$125,1)+SUMIFS(Schedule!$F$6:$F$125,Schedule!$G$6:$G$125,M20,Schedule!$P$6:$P$125,1)) | S20: =IF(M20="","",SUMIFS(Schedule!$F$6:$F$125,Schedule!$D$6:$D$125,M20,Schedule!$P$6:$P$125,1)+SUMIFS(Schedule!$E$6:$E$125,Schedule!$G$6:$G$125,M20,Schedule!$P$6:$P$125,1)) | T20: =IF(M20="","",R20-S20) | U20: =IF(M20="","",O20*Setup!$C$9+P20*Setup!$C$10) | V20: =IF(M20="","",U20*1000000+(T20+1000)*1000+R20+(100-ROW())/1000) | W20: =IF(ROW()-6>COUNT($V$7:$V$22),"",MATCH(LARGE($V$7:$V$22,ROW()-6),$V$7:$V$22,0))
B21: =IF(W21="","",ROW()-6) | C21: =IF(W21="","",INDEX($M$7:$M$22,W21)) | D21: =IF(W21="","",INDEX($N$7:$N$22,W21)) | E21: =IF(W21="","",INDEX($O$7:$O$22,W21)) | F21: =IF(W21="","",INDEX($P$7:$P$22,W21)) | G21: =IF(W21="","",INDEX($Q$7:$Q$22,W21)) | H21: =IF(W21="","",INDEX($R$7:$R$22,W21)) | I21: =IF(W21="","",INDEX($S$7:$S$22,W21)) | J21: =IF(W21="","",INDEX($T$7:$T$22,W21)) | K21: =IF(W21="","",INDEX($U$7:$U$22,W21)) | M21: =IF(Setup!$C$30="","",Setup!$C$30) | N21: =IF(M21="","",SUMIF(Schedule!$D$6:$D$125,M21,Schedule!$P$6:$P$125)+SUMIF(Schedule!$G$6:$G$125,M21,Schedule!$P$6:$P$125)) | O21: =IF(M21="","",COUNTIF(Schedule!$H$6:$H$125,M21)) | P21: =IF(M21="","",COUNTIFS(Schedule!$D$6:$D$125,M21,Schedule!$H$6:$H$125,"Tie")+COUNTIFS(Schedule!$G$6:$G$125,M21,Schedule!$H$6:$H$125,"Tie")) | Q21: =IF(M21="","",N21-O21-P21) | R21: =IF(M21="","",SUMIFS(Schedule!$E$6:$E$125,Schedule!$D$6:$D$125,M21,Schedule!$P$6:$P$125,1)+SUMIFS(Schedule!$F$6:$F$125,Schedule!$G$6:$G$125,M21,Schedule!$P$6:$P$125,1)) | S21: =IF(M21="","",SUMIFS(Schedule!$F$6:$F$125,Schedule!$D$6:$D$125,M21,Schedule!$P$6:$P$125,1)+SUMIFS(Schedule!$E$6:$E$125,Schedule!$G$6:$G$125,M21,Schedule!$P$6:$P$125,1)) | T21: =IF(M21="","",R21-S21) | U21: =IF(M21="","",O21*Setup!$C$9+P21*Setup!$C$10) | V21: =IF(M21="","",U21*1000000+(T21+1000)*1000+R21+(100-ROW())/1000) | W21: =IF(ROW()-6>COUNT($V$7:$V$22),"",MATCH(LARGE($V$7:$V$22,ROW()-6),$V$7:$V$22,0))
B22: =IF(W22="","",ROW()-6) | C22: =IF(W22="","",INDEX($M$7:$M$22,W22)) | D22: =IF(W22="","",INDEX($N$7:$N$22,W22)) | E22: =IF(W22="","",INDEX($O$7:$O$22,W22)) | F22: =IF(W22="","",INDEX($P$7:$P$22,W22)) | G22: =IF(W22="","",INDEX($Q$7:$Q$22,W22)) | H22: =IF(W22="","",INDEX($R$7:$R$22,W22)) | I22: =IF(W22="","",INDEX($S$7:$S$22,W22)) | J22: =IF(W22="","",INDEX($T$7:$T$22,W22)) | K22: =IF(W22="","",INDEX($U$7:$U$22,W22)) | M22: =IF(Setup!$C$31="","",Setup!$C$31) | N22: =IF(M22="","",SUMIF(Schedule!$D$6:$D$125,M22,Schedule!$P$6:$P$125)+SUMIF(Schedule!$G$6:$G$125,M22,Schedule!$P$6:$P$125)) | O22: =IF(M22="","",COUNTIF(Schedule!$H$6:$H$125,M22)) | P22: =IF(M22="","",COUNTIFS(Schedule!$D$6:$D$125,M22,Schedule!$H$6:$H$125,"Tie")+COUNTIFS(Schedule!$G$6:$G$125,M22,Schedule!$H$6:$H$125,"Tie")) | Q22: =IF(M22="","",N22-O22-P22) | R22: =IF(M22="","",SUMIFS(Schedule!$E$6:$E$125,Schedule!$D$6:$D$125,M22,Schedule!$P$6:$P$125,1)+SUMIFS(Schedule!$F$6:$F$125,Schedule!$G$6:$G$125,M22,Schedule!$P$6:$P$125,1)) | S22: =IF(M22="","",SUMIFS(Schedule!$F$6:$F$125,Schedule!$D$6:$D$125,M22,Schedule!$P$6:$P$125,1)+SUMIFS(Schedule!$E$6:$E$125,Schedule!$G$6:$G$125,M22,Schedule!$P$6:$P$125,1)) | T22: =IF(M22="","",R22-S22) | U22: =IF(M22="","",O22*Setup!$C$9+P22*Setup!$C$10) | V22: =IF(M22="","",U22*1000000+(T22+1000)*1000+R22+(100-ROW())/1000) | W22: =IF(ROW()-6>COUNT($V$7:$V$22),"",MATCH(LARGE($V$7:$V$22,ROW()-6),$V$7:$V$22,0))

Sheet Results Grid
B2: Results Grid
B3: READ ACROSS: THE ROW PLAYER'S GAMES FIRST
B7: vs | C7: =IF(Setup!$C$16="","",Setup!$C$16) -> Anna | D7: =IF(Setup!$C$17="","",Setup!$C$17) -> Ben | E7: =IF(Setup!$C$18="","",Setup!$C$18) -> Carla | F7: =IF(Setup!$C$19="","",Setup!$C$19) -> David | G7: =IF(Setup!$C$20="","",Setup!$C$20) -> Elena | H7: =IF(Setup!$C$21="","",Setup!$C$21) -> Felix | I7: =IF(Setup!$C$22="","",Setup!$C$22) -> Grace | J7: =IF(Setup!$C$23="","",Setup!$C$23) | K7: =IF(Setup!$C$24="","",Setup!$C$24) | L7: =IF(Setup!$C$25="","",Setup!$C$25) | M7: =IF(Setup!$C$26="","",Setup!$C$26) | N7: =IF(Setup!$C$27="","",Setup!$C$27) | O7: =IF(Setup!$C$28="","",Setup!$C$28) | P7: =IF(Setup!$C$29="","",Setup!$C$29) | Q7: =IF(Setup!$C$30="","",Setup!$C$30) | R7: =IF(Setup!$C$31="","",Setup!$C$31)
B8: =IF(Setup!$C$16="","",Setup!$C$16) -> Anna | C8: =IF(OR($B8="",C$7=""),"",IF($B8=C$7,"—",IFERROR(IF(INDEX(Schedule!$P$6:$P$125,MATCH($B8&"|"&C$7,Schedule!$Q$6:$Q$125,0))=1,INDEX(Schedule!$E$6:$E$125,MATCH($B8&"|"&C$7,Schedule!$Q$6:$Q$125,0))&"–"&INDEX(Schedule!$F$6:$F$125,MATCH($B8&"|"&C$7,Schedule!$Q$6:$Q$125,0)),""),IFERROR(IF(INDEX(Schedule!$P$6:$P$125,MATCH($B8&"|"&C$7,Schedule!$R$6:$R$125,0))=1,INDEX(Schedule!$F$6:$F$125,MATCH($B8&"|"&C$7,Schedule!$R$6:$R$125,0))&"–"&INDEX(Schedule!$E$6:$E$125,MATCH($B8&"|"&C$7,Schedule!$R$6:$R$125,0)),""),"")))) -> — | D8: =IF(OR($B8="",D$7=""),"",IF($B8=D$7,"—",IFERROR(IF(INDEX(Schedule!$P$6:$P$125,MATCH($B8&"|"&D$7,Schedule!$Q$6:$Q$125,0))=1,INDEX(Schedule!$E$6:$E$125,MATCH($B8&"|"&D$7,Schedule!$Q$6:$Q$125,0))&"–"&INDEX(Schedule!$F$6:$F$125,MATCH($B8&"|"&D$7,Schedule!$Q$6:$Q$125,0)),""),IFERROR(IF(INDEX(Schedule!$P$6:$P$125,MATCH($B8&"|"&D$7,Schedule!$R$6:$R$125,0))=1,INDEX(Schedule!$F$6:$F$125,MATCH($B8&"|"&D$7,Schedule!$R$6:$R$125,0))&"–"&INDEX(Schedule!$E$6:$E$125,MATCH($B8&"|"&D$7,Schedule!$R$6:$R$125,0)),""),"")))) | E8: =IF(OR($B8="",E$7=""),"",IF($B8=E$7,"—",IFERROR(IF(INDEX(Schedule!$P$6:$P$125,MATCH($B8&"|"&E$7,Schedule!$Q$6:$Q$125,0))=1,INDEX(Schedule!$E$6:$E$125,MATCH($B8&"|"&E$7,Schedule!$Q$6:$Q$125,0))&"–"&INDEX(Schedule!$F$6:$F$125,MATCH($B8&"|"&E$7,Schedule!$Q$6:$Q$125,0)),""),IFERROR(IF(INDEX(Schedule!$P$6:$P$125,MATCH($B8&"|"&E$7,Schedule!$R$6:$R$125,0))=1,INDEX(Schedule!$F$6:$F$125,MATCH($B8&"|"&E$7,Schedule!$R$6:$R$125,0))&"–"&INDEX(Schedule!$E$6:$E$125,MATCH($B8&"|"&E$7,Schedule!$R$6:$R$125,0)),""),"")))) -> 4–6 | F8: =IF(OR($B8="",F$7=""),"",IF($B8=F$7,"—",IFERROR(IF(INDEX(Schedule!$P$6:$P$125,MATCH($B8&"|"&F$7,Schedule!$Q$6:$Q$125,0))=1,INDEX(Schedule!$E$6:$E$125,MATCH($B8&"|"&F$7,Schedule!$Q$6:$Q$125,0))&"–"&INDEX(Schedule!$F$6:$F$125,MATCH($B8&"|"&F$7,Schedule!$Q$6:$Q$125,0)),""),IFERROR(IF(INDEX(Schedule!$P$6:$P$125,MATCH($B8&"|"&F$7,Schedule!$R$6:$R$125,0))=1,INDEX(Schedule!$F$6:$F$125,MATCH($B8&"|"&F$7,Schedule!$R$6:$R$125,0))&"–"&INDEX(Schedule!$E$6:$E$125,MATCH($B8&"|"&F$7,Schedule!$R$6:$R$125,0)),""),"")))) | G8: =IF(OR($B8="",G$7=""),"",IF($B8=G$7,"—",IFERROR(IF(INDEX(Schedule!$P$6:$P$125,MATCH($B8&"|"&G$7,Schedule!$Q$6:$Q$125,0))=1,INDEX(Schedule!$E$6:$E$125,MATCH($B8&"|"&G$7,Schedule!$Q$6:$Q$125,0))&"–"&INDEX(Schedule!$F$6:$F$125,MATCH($B8&"|"&G$7,Schedule!$Q$6:$Q$125,0)),""),IFERROR(IF(INDEX(Schedule!$P$6:$P$125,MATCH($B8&"|"&G$7,Schedule!$R$6:$R$125,0))=1,INDEX(Schedule!$F$6:$F$125,MATCH($B8&"|"&G$7,Schedule!$R$6:$R$125,0))&"–"&INDEX(Schedule!$E$6:$E$125,MATCH($B8&"|"&G$7,Schedule!$R$6:$R$125,0)),""),"")))) -> 5–5 | H8: =IF(OR($B8="",H$7=""),"",IF($B8=H$7,"—",IFERROR(IF(INDEX(Schedule!$P$6:$P$125,MATCH($B8&"|"&H$7,Schedule!$Q$6:$Q$125,0))=1,INDEX(Schedule!$E$6:$E$125,MATCH($B8&"|"&H$7,Schedule!$Q$6:$Q$125,0))&"–"&INDEX(Schedule!$F$6:$F$125,MATCH($B8&"|"&H$7,Schedule!$Q$6:$Q$125,0)),""),IFERROR(IF(INDEX(Schedule!$P$6:$P$125,MATCH($B8&"|"&H$7,Schedule!$R$6:$R$125,0))=1,INDEX(Schedule!$F$6:$F$125,MATCH($B8&"|"&H$7,Schedule!$R$6:$R$125,0))&"–"&INDEX(Schedule!$E$6:$E$125,MATCH($B8&"|"&H$7,Schedule!$R$6:$R$125,0)),""),"")))) | I8: =IF(OR($B8="",I$7=""),"",IF($B8=I$7,"—",IFERROR(IF(INDEX(Schedule!$P$6:$P$125,MATCH($B8&"|"&I$7,Schedule!$Q$6:$Q$125,0))=1,INDEX(Schedule!$E$6:$E$125,MATCH($B8&"|"&I$7,Schedule!$Q$6:$Q$125,0))&"–"&INDEX(Schedule!$F$6:$F$125,MATCH($B8&"|"&I$7,Schedule!$Q$6:$Q$125,0)),""),IFERROR(IF(INDEX(Schedule!$P$6:$P$125,MATCH($B8&"|"&I$7,Schedule!$R$6:$R$125,0))=1,INDEX(Schedule!$F$6:$F$125,MATCH($B8&"|"&I$7,Schedule!$R$6:$R$125,0))&"–"&INDEX(Schedule!$E$6:$E$125,MATCH($B8&"|"&I$7,Schedule!$R$6:$R$125,0)),""),"")))) | J8: =IF(OR($B8="",J$7=""),"",IF($B8=J$7,"—",IFERROR(IF(INDEX(Schedule!$P$6:$P$125,MATCH($B8&"|"&J$7,Schedule!$Q$6:$Q$125,0))=1,INDEX(Schedule!$E$6:$E$125,MATCH($B8&"|"&J$7,Schedule!$Q$6:$Q$125,0))&"–"&INDEX(Schedule!$F$6:$F$125,MATCH($B8&"|"&J$7,Schedule!$Q$6:$Q$125,0)),""),IFERROR(IF(INDEX(Schedule!$P$6:$P$125,MATCH($B8&"|"&J$7,Schedule!$R$6:$R$125,0))=1,INDEX(Schedule!$F$6:$F$125,MATCH($B8&"|"&J$7,Schedule!$R$6:$R$125,0))&"–"&INDEX(Schedule!$E$6:$E$125,MATCH($B8&"|"&J$7,Schedule!$R$6:$R$125,0)),""),"")))) | ... R8: =IF(OR($B8="",R$7=""),"",IF($B8=R$7,"—",IFERROR(IF(INDEX(Schedule!$P$6:$P$125,MATCH($B8&"|"&R$7,Schedule!$Q$6:$Q$125,0))=1,INDEX(Schedule!$E$6:$E$125,MATCH($B8&"|"&R$7,Schedule!$Q$6:$Q$125,0))&"–"&INDEX(Schedule!$F$6:$F$125,MATCH($B8&"|"&R$7,Schedule!$Q$6:$Q$125,0)),""),IFERROR(IF(INDEX(Schedule!$P$6:$P$125,MATCH($B8&"|"&R$7,Schedule!$R$6:$R$125,0))=1,INDEX(Schedule!$F$6:$F$125,MATCH($B8&"|"&R$7,Schedule!$R$6:$R$125,0))&"–"&INDEX(Schedule!$E$6:$E$125,MATCH($B8&"|"&R$7,Schedule!$R$6:$R$125,0)),""),""))))
B9: =IF(Setup!$C$17="","",Setup!$C$17) -> Ben | C9: =IF(OR($B9="",C$7=""),"",IF($B9=C$7,"—",IFERROR(IF(INDEX(Schedule!$P$6:$P$125,MATCH($B9&"|"&C$7,Schedule!$Q$6:$Q$125,0))=1,INDEX(Schedule!$E$6:$E$125,MATCH($B9&"|"&C$7,Schedule!$Q$6:$Q$125,0))&"–"&INDEX(Schedule!$F$6:$F$125,MATCH($B9&"|"&C$7,Schedule!$Q$6:$Q$125,0)),""),IFERROR(IF(INDEX(Schedule!$P$6:$P$125,MATCH($B9&"|"&C$7,Schedule!$R$6:$R$125,0))=1,INDEX(Schedule!$F$6:$F$125,MATCH($B9&"|"&C$7,Schedule!$R$6:$R$125,0))&"–"&INDEX(Schedule!$E$6:$E$125,MATCH($B9&"|"&C$7,Schedule!$R$6:$R$125,0)),""),"")))) | D9: =IF(OR($B9="",D$7=""),"",IF($B9=D$7,"—",IFERROR(IF(INDEX(Schedule!$P$6:$P$125,MATCH($B9&"|"&D$7,Schedule!$Q$6:$Q$125,0))=1,INDEX(Schedule!$E$6:$E$125,MATCH($B9&"|"&D$7,Schedule!$Q$6:$Q$125,0))&"–"&INDEX(Schedule!$F$6:$F$125,MATCH($B9&"|"&D$7,Schedule!$Q$6:$Q$125,0)),""),IFERROR(IF(INDEX(Schedule!$P$6:$P$125,MATCH($B9&"|"&D$7,Schedule!$R$6:$R$125,0))=1,INDEX(Schedule!$F$6:$F$125,MATCH($B9&"|"&D$7,Schedule!$R$6:$R$125,0))&"–"&INDEX(Schedule!$E$6:$E$125,MATCH($B9&"|"&D$7,Schedule!$R$6:$R$125,0)),""),"")))) -> — | E9: =IF(OR($B9="",E$7=""),"",IF($B9=E$7,"—",IFERROR(IF(INDEX(Schedule!$P$6:$P$125,MATCH($B9&"|"&E$7,Schedule!$Q$6:$Q$125,0))=1,INDEX(Schedule!$E$6:$E$125,MATCH($B9&"|"&E$7,Schedule!$Q$6:$Q$125,0))&"–"&INDEX(Schedule!$F$6:$F$125,MATCH($B9&"|"&E$7,Schedule!$Q$6:$Q$125,0)),""),IFERROR(IF(INDEX(Schedule!$P$6:$P$125,MATCH($B9&"|"&E$7,Schedule!$R$6:$R$125,0))=1,INDEX(Schedule!$F$6:$F$125,MATCH($B9&"|"&E$7,Schedule!$R$6:$R$125,0))&"–"&INDEX(Schedule!$E$6:$E$125,MATCH($B9&"|"&E$7,Schedule!$R$6:$R$125,0)),""),"")))) | F9: =IF(OR($B9="",F$7=""),"",IF($B9=F$7,"—",IFERROR(IF(INDEX(Schedule!$P$6:$P$125,MATCH($B9&"|"&F$7,Schedule!$Q$6:$Q$125,0))=1,INDEX(Schedule!$E$6:$E$125,MATCH($B9&"|"&F$7,Schedule!$Q$6:$Q$125,0))&"–"&INDEX(Schedule!$F$6:$F$125,MATCH($B9&"|"&F$7,Schedule!$Q$6:$Q$125,0)),""),IFERROR(IF(INDEX(Schedule!$P$6:$P$125,MATCH($B9&"|"&F$7,Schedule!$R$6:$R$125,0))=1,INDEX(Schedule!$F$6:$F$125,MATCH($B9&"|"&F$7,Schedule!$R$6:$R$125,0))&"–"&INDEX(Schedule!$E$6:$E$125,MATCH($B9&"|"&F$7,Schedule!$R$6:$R$125,0)),""),"")))) -> 6–3 | G9: =IF(OR($B9="",G$7=""),"",IF($B9=G$7,"—",IFERROR(IF(INDEX(Schedule!$P$6:$P$125,MATCH($B9&"|"&G$7,Schedule!$Q$6:$Q$125,0))=1,INDEX(Schedule!$E$6:$E$125,MATCH($B9&"|"&G$7,Schedule!$Q$6:$Q$125,0))&"–"&INDEX(Schedule!$F$6:$F$125,MATCH($B9&"|"&G$7,Schedule!$Q$6:$Q$125,0)),""),IFERROR(IF(INDEX(Schedule!$P$6:$P$125,MATCH($B9&"|"&G$7,Schedule!$R$6:$R$125,0))=1,INDEX(Schedule!$F$6:$F$125,MATCH($B9&"|"&G$7,Schedule!$R$6:$R$125,0))&"–"&INDEX(Schedule!$E$6:$E$125,MATCH($B9&"|"&G$7,Schedule!$R$6:$R$125,0)),""),"")))) | H9: =IF(OR($B9="",H$7=""),"",IF($B9=H$7,"—",IFERROR(IF(INDEX(Schedule!$P$6:$P$125,MATCH($B9&"|"&H$7,Schedule!$Q$6:$Q$125,0))=1,INDEX(Schedule!$E$6:$E$125,MATCH($B9&"|"&H$7,Schedule!$Q$6:$Q$125,0))&"–"&INDEX(Schedule!$F$6:$F$125,MATCH($B9&"|"&H$7,Schedule!$Q$6:$Q$125,0)),""),IFERROR(IF(INDEX(Schedule!$P$6:$P$125,MATCH($B9&"|"&H$7,Schedule!$R$6:$R$125,0))=1,INDEX(Schedule!$F$6:$F$125,MATCH($B9&"|"&H$7,Schedule!$R$6:$R$125,0))&"–"&INDEX(Schedule!$E$6:$E$125,MATCH($B9&"|"&H$7,Schedule!$R$6:$R$125,0)),""),"")))) | I9: =IF(OR($B9="",I$7=""),"",IF($B9=I$7,"—",IFERROR(IF(INDEX(Schedule!$P$6:$P$125,MATCH($B9&"|"&I$7,Schedule!$Q$6:$Q$125,0))=1,INDEX(Schedule!$E$6:$E$125,MATCH($B9&"|"&I$7,Schedule!$Q$6:$Q$125,0))&"–"&INDEX(Schedule!$F$6:$F$125,MATCH($B9&"|"&I$7,Schedule!$Q$6:$Q$125,0)),""),IFERROR(IF(INDEX(Schedule!$P$6:$P$125,MATCH($B9&"|"&I$7,Schedule!$R$6:$R$125,0))=1,INDEX(Schedule!$F$6:$F$125,MATCH($B9&"|"&I$7,Schedule!$R$6:$R$125,0))&"–"&INDEX(Schedule!$E$6:$E$125,MATCH($B9&"|"&I$7,Schedule!$R$6:$R$125,0)),""),"")))) -> 6–3 | J9: =IF(OR($B9="",J$7=""),"",IF($B9=J$7,"—",IFERROR(IF(INDEX(Schedule!$P$6:$P$125,MATCH($B9&"|"&J$7,Schedule!$Q$6:$Q$125,0))=1,INDEX(Schedule!$E$6:$E$125,MATCH($B9&"|"&J$7,Schedule!$Q$6:$Q$125,0))&"–"&INDEX(Schedule!$F$6:$F$125,MATCH($B9&"|"&J$7,Schedule!$Q$6:$Q$125,0)),""),IFERROR(IF(INDEX(Schedule!$P$6:$P$125,MATCH($B9&"|"&J$7,Schedule!$R$6:$R$125,0))=1,INDEX(Schedule!$F$6:$F$125,MATCH($B9&"|"&J$7,Schedule!$R$6:$R$125,0))&"–"&INDEX(Schedule!$E$6:$E$125,MATCH($B9&"|"&J$7,Schedule!$R$6:$R$125,0)),""),"")))) | ... R9: =IF(OR($B9="",R$7=""),"",IF($B9=R$7,"—",IFERROR(IF(INDEX(Schedule!$P$6:$P$125,MATCH($B9&"|"&R$7,Schedule!$Q$6:$Q$125,0))=1,INDEX(Schedule!$E$6:$E$125,MATCH($B9&"|"&R$7,Schedule!$Q$6:$Q$125,0))&"–"&INDEX(Schedule!$F$6:$F$125,MATCH($B9&"|"&R$7,Schedule!$Q$6:$Q$125,0)),""),IFERROR(IF(INDEX(Schedule!$P$6:$P$125,MATCH($B9&"|"&R$7,Schedule!$R$6:$R$125,0))=1,INDEX(Schedule!$F$6:$F$125,MATCH($B9&"|"&R$7,Schedule!$R$6:$R$125,0))&"–"&INDEX(Schedule!$E$6:$E$125,MATCH($B9&"|"&R$7,Schedule!$R$6:$R$125,0)),""),""))))
B10: =IF(Setup!$C$18="","",Setup!$C$18) -> Carla | C10: =IF(OR($B10="",C$7=""),"",IF($B10=C$7,"—",IFERROR(IF(INDEX(Schedule!$P$6:$P$125,MATCH($B10&"|"&C$7,Schedule!$Q$6:$Q$125,0))=1,INDEX(Schedule!$E$6:$E$125,MATCH($B10&"|"&C$7,Schedule!$Q$6:$Q$125,0))&"–"&INDEX(Schedule!$F$6:$F$125,MATCH($B10&"|"&C$7,Schedule!$Q$6:$Q$125,0)),""),IFERROR(IF(INDEX(Schedule!$P$6:$P$125,MATCH($B10&"|"&C$7,Schedule!$R$6:$R$125,0))=1,INDEX(Schedule!$F$6:$F$125,MATCH($B10&"|"&C$7,Schedule!$R$6:$R$125,0))&"–"&INDEX(Schedule!$E$6:$E$125,MATCH($B10&"|"&C$7,Schedule!$R$6:$R$125,0)),""),"")))) -> 6–4 | D10: =IF(OR($B10="",D$7=""),"",IF($B10=D$7,"—",IFERROR(IF(INDEX(Schedule!$P$6:$P$125,MATCH($B10&"|"&D$7,Schedule!$Q$6:$Q$125,0))=1,INDEX(Schedule!$E$6:$E$125,MATCH($B10&"|"&D$7,Schedule!$Q$6:$Q$125,0))&"–"&INDEX(Schedule!$F$6:$F$125,MATCH($B10&"|"&D$7,Schedule!$Q$6:$Q$125,0)),""),IFERROR(IF(INDEX(Schedule!$P$6:$P$125,MATCH($B10&"|"&D$7,Schedule!$R$6:$R$125,0))=1,INDEX(Schedule!$F$6:$F$125,MATCH($B10&"|"&D$7,Schedule!$R$6:$R$125,0))&"–"&INDEX(Schedule!$E$6:$E$125,MATCH($B10&"|"&D$7,Schedule!$R$6:$R$125,0)),""),"")))) | E10: =IF(OR($B10="",E$7=""),"",IF($B10=E$7,"—",IFERROR(IF(INDEX(Schedule!$P$6:$P$125,MATCH($B10&"|"&E$7,Schedule!$Q$6:$Q$125,0))=1,INDEX(Schedule!$E$6:$E$125,MATCH($B10&"|"&E$7,Schedule!$Q$6:$Q$125,0))&"–"&INDEX(Schedule!$F$6:$F$125,MATCH($B10&"|"&E$7,Schedule!$Q$6:$Q$125,0)),""),IFERROR(IF(INDEX(Schedule!$P$6:$P$125,MATCH($B10&"|"&E$7,Schedule!$R$6:$R$125,0))=1,INDEX(Schedule!$F$6:$F$125,MATCH($B10&"|"&E$7,Schedule!$R$6:$R$125,0))&"–"&INDEX(Schedule!$E$6:$E$125,MATCH($B10&"|"&E$7,Schedule!$R$6:$R$125,0)),""),"")))) -> — | F10: =IF(OR($B10="",F$7=""),"",IF($B10=F$7,"—",IFERROR(IF(INDEX(Schedule!$P$6:$P$125,MATCH($B10&"|"&F$7,Schedule!$Q$6:$Q$125,0))=1,INDEX(Schedule!$E$6:$E$125,MATCH($B10&"|"&F$7,Schedule!$Q$6:$Q$125,0))&"–"&INDEX(Schedule!$F$6:$F$125,MATCH($B10&"|"&F$7,Schedule!$Q$6:$Q$125,0)),""),IFERROR(IF(INDEX(Schedule!$P$6:$P$125,MATCH($B10&"|"&F$7,Schedule!$R$6:$R$125,0))=1,INDEX(Schedule!$F$6:$F$125,MATCH($B10&"|"&F$7,Schedule!$R$6:$R$125,0))&"–"&INDEX(Schedule!$E$6:$E$125,MATCH($B10&"|"&F$7,Schedule!$R$6:$R$125,0)),""),"")))) | G10: =IF(OR($B10="",G$7=""),"",IF($B10=G$7,"—",IFERROR(IF(INDEX(Schedule!$P$6:$P$125,MATCH($B10&"|"&G$7,Schedule!$Q$6:$Q$125,0))=1,INDEX(Schedule!$E$6:$E$125,MATCH($B10&"|"&G$7,Schedule!$Q$6:$Q$125,0))&"–"&INDEX(Schedule!$F$6:$F$125,MATCH($B10&"|"&G$7,Schedule!$Q$6:$Q$125,0)),""),IFERROR(IF(INDEX(Schedule!$P$6:$P$125,MATCH($B10&"|"&G$7,Schedule!$R$6:$R$125,0))=1,INDEX(Schedule!$F$6:$F$125,MATCH($B10&"|"&G$7,Schedule!$R$6:$R$125,0))&"–"&INDEX(Schedule!$E$6:$E$125,MATCH($B10&"|"&G$7,Schedule!$R$6:$R$125,0)),""),"")))) | H10: =IF(OR($B10="",H$7=""),"",IF($B10=H$7,"—",IFERROR(IF(INDEX(Schedule!$P$6:$P$125,MATCH($B10&"|"&H$7,Schedule!$Q$6:$Q$125,0))=1,INDEX(Schedule!$E$6:$E$125,MATCH($B10&"|"&H$7,Schedule!$Q$6:$Q$125,0))&"–"&INDEX(Schedule!$F$6:$F$125,MATCH($B10&"|"&H$7,Schedule!$Q$6:$Q$125,0)),""),IFERROR(IF(INDEX(Schedule!$P$6:$P$125,MATCH($B10&"|"&H$7,Schedule!$R$6:$R$125,0))=1,INDEX(Schedule!$F$6:$F$125,MATCH($B10&"|"&H$7,Schedule!$R$6:$R$125,0))&"–"&INDEX(Schedule!$E$6:$E$125,MATCH($B10&"|"&H$7,Schedule!$R$6:$R$125,0)),""),"")))) -> 4–6 | I10: =IF(OR($B10="",I$7=""),"",IF($B10=I$7,"—",IFERROR(IF(INDEX(Schedule!$P$6:$P$125,MATCH($B10&"|"&I$7,Schedule!$Q$6:$Q$125,0))=1,INDEX(Schedule!$E$6:$E$125,MATCH($B10&"|"&I$7,Schedule!$Q$6:$Q$125,0))&"–"&INDEX(Schedule!$F$6:$F$125,MATCH($B10&"|"&I$7,Schedule!$Q$6:$Q$125,0)),""),IFERROR(IF(INDEX(Schedule!$P$6:$P$125,MATCH($B10&"|"&I$7,Schedule!$R$6:$R$125,0))=1,INDEX(Schedule!$F$6:$F$125,MATCH($B10&"|"&I$7,Schedule!$R$6:$R$125,0))&"–"&INDEX(Schedule!$E$6:$E$125,MATCH($B10&"|"&I$7,Schedule!$R$6:$R$125,0)),""),"")))) | J10: =IF(OR($B10="",J$7=""),"",IF($B10=J$7,"—",IFERROR(IF(INDEX(Schedule!$P$6:$P$125,MATCH($B10&"|"&J$7,Schedule!$Q$6:$Q$125,0))=1,INDEX(Schedule!$E$6:$E$125,MATCH($B10&"|"&J$7,Schedule!$Q$6:$Q$125,0))&"–"&INDEX(Schedule!$F$6:$F$125,MATCH($B10&"|"&J$7,Schedule!$Q$6:$Q$125,0)),""),IFERROR(IF(INDEX(Schedule!$P$6:$P$125,MATCH($B10&"|"&J$7,Schedule!$R$6:$R$125,0))=1,INDEX(Schedule!$F$6:$F$125,MATCH($B10&"|"&J$7,Schedule!$R$6:$R$125,0))&"–"&INDEX(Schedule!$E$6:$E$125,MATCH($B10&"|"&J$7,Schedule!$R$6:$R$125,0)),""),"")))) | ... R10: =IF(OR($B10="",R$7=""),"",IF($B10=R$7,"—",IFERROR(IF(INDEX(Schedule!$P$6:$P$125,MATCH($B10&"|"&R$7,Schedule!$Q$6:$Q$125,0))=1,INDEX(Schedule!$E$6:$E$125,MATCH($B10&"|"&R$7,Schedule!$Q$6:$Q$125,0))&"–"&INDEX(Schedule!$F$6:$F$125,MATCH($B10&"|"&R$7,Schedule!$Q$6:$Q$125,0)),""),IFERROR(IF(INDEX(Schedule!$P$6:$P$125,MATCH($B10&"|"&R$7,Schedule!$R$6:$R$125,0))=1,INDEX(Schedule!$F$6:$F$125,MATCH($B10&"|"&R$7,Schedule!$R$6:$R$125,0))&"–"&INDEX(Schedule!$E$6:$E$125,MATCH($B10&"|"&R$7,Schedule!$R$6:$R$125,0)),""),""))))
B11: =IF(Setup!$C$19="","",Setup!$C$19) -> David | C11: =IF(OR($B11="",C$7=""),"",IF($B11=C$7,"—",IFERROR(IF(INDEX(Schedule!$P$6:$P$125,MATCH($B11&"|"&C$7,Schedule!$Q$6:$Q$125,0))=1,INDEX(Schedule!$E$6:$E$125,MATCH($B11&"|"&C$7,Schedule!$Q$6:$Q$125,0))&"–"&INDEX(Schedule!$F$6:$F$125,MATCH($B11&"|"&C$7,Schedule!$Q$6:$Q$125,0)),""),IFERROR(IF(INDEX(Schedule!$P$6:$P$125,MATCH($B11&"|"&C$7,Schedule!$R$6:$R$125,0))=1,INDEX(Schedule!$F$6:$F$125,MATCH($B11&"|"&C$7,Schedule!$R$6:$R$125,0))&"–"&INDEX(Schedule!$E$6:$E$125,MATCH($B11&"|"&C$7,Schedule!$R$6:$R$125,0)),""),"")))) | D11: =IF(OR($B11="",D$7=""),"",IF($B11=D$7,"—",IFERROR(IF(INDEX(Schedule!$P$6:$P$125,MATCH($B11&"|"&D$7,Schedule!$Q$6:$Q$125,0))=1,INDEX(Schedule!$E$6:$E$125,MATCH($B11&"|"&D$7,Schedule!$Q$6:$Q$125,0))&"–"&INDEX(Schedule!$F$6:$F$125,MATCH($B11&"|"&D$7,Schedule!$Q$6:$Q$125,0)),""),IFERROR(IF(INDEX(Schedule!$P$6:$P$125,MATCH($B11&"|"&D$7,Schedule!$R$6:$R$125,0))=1,INDEX(Schedule!$F$6:$F$125,MATCH($B11&"|"&D$7,Schedule!$R$6:$R$125,0))&"–"&INDEX(Schedule!$E$6:$E$125,MATCH($B11&"|"&D$7,Schedule!$R$6:$R$125,0)),""),"")))) -> 3–6 | E11: =IF(OR($B11="",E$7=""),"",IF($B11=E$7,"—",IFERROR(IF(INDEX(Schedule!$P$6:$P$125,MATCH($B11&"|"&E$7,Schedule!$Q$6:$Q$125,0))=1,INDEX(Schedule!$E$6:$E$125,MATCH($B11&"|"&E$7,Schedule!$Q$6:$Q$125,0))&"–"&INDEX(Schedule!$F$6:$F$125,MATCH($B11&"|"&E$7,Schedule!$Q$6:$Q$125,0)),""),IFERROR(IF(INDEX(Schedule!$P$6:$P$125,MATCH($B11&"|"&E$7,Schedule!$R$6:$R$125,0))=1,INDEX(Schedule!$F$6:$F$125,MATCH($B11&"|"&E$7,Schedule!$R$6:$R$125,0))&"–"&INDEX(Schedule!$E$6:$E$125,MATCH($B11&"|"&E$7,Schedule!$R$6:$R$125,0)),""),"")))) | F11: =IF(OR($B11="",F$7=""),"",IF($B11=F$7,"—",IFERROR(IF(INDEX(Schedule!$P$6:$P$125,MATCH($B11&"|"&F$7,Schedule!$Q$6:$Q$125,0))=1,INDEX(Schedule!$E$6:$E$125,MATCH($B11&"|"&F$7,Schedule!$Q$6:$Q$125,0))&"–"&INDEX(Schedule!$F$6:$F$125,MATCH($B11&"|"&F$7,Schedule!$Q$6:$Q$125,0)),""),IFERROR(IF(INDEX(Schedule!$P$6:$P$125,MATCH($B11&"|"&F$7,Schedule!$R$6:$R$125,0))=1,INDEX(Schedule!$F$6:$F$125,MATCH($B11&"|"&F$7,Schedule!$R$6:$R$125,0))&"–"&INDEX(Schedule!$E$6:$E$125,MATCH($B11&"|"&F$7,Schedule!$R$6:$R$125,0)),""),"")))) -> — | G11: =IF(OR($B11="",G$7=""),"",IF($B11=G$7,"—",IFERROR(IF(INDEX(Schedule!$P$6:$P$125,MATCH($B11&"|"&G$7,Schedule!$Q$6:$Q$125,0))=1,INDEX(Schedule!$E$6:$E$125,MATCH($B11&"|"&G$7,Schedule!$Q$6:$Q$125,0))&"–"&INDEX(Schedule!$F$6:$F$125,MATCH($B11&"|"&G$7,Schedule!$Q$6:$Q$125,0)),""),IFERROR(IF(INDEX(Schedule!$P$6:$P$125,MATCH($B11&"|"&G$7,Schedule!$R$6:$R$125,0))=1,INDEX(Schedule!$F$6:$F$125,MATCH($B11&"|"&G$7,Schedule!$R$6:$R$125,0))&"–"&INDEX(Schedule!$E$6:$E$125,MATCH($B11&"|"&G$7,Schedule!$R$6:$R$125,0)),""),"")))) -> 6–2 | H11: =IF(OR($B11="",H$7=""),"",IF($B11=H$7,"—",IFERROR(IF(INDEX(Schedule!$P$6:$P$125,MATCH($B11&"|"&H$7,Schedule!$Q$6:$Q$125,0))=1,INDEX(Schedule!$E$6:$E$125,MATCH($B11&"|"&H$7,Schedule!$Q$6:$Q$125,0))&"–"&INDEX(Schedule!$F$6:$F$125,MATCH($B11&"|"&H$7,Schedule!$Q$6:$Q$125,0)),""),IFERROR(IF(INDEX(Schedule!$P$6:$P$125,MATCH($B11&"|"&H$7,Schedule!$R$6:$R$125,0))=1,INDEX(Schedule!$F$6:$F$125,MATCH($B11&"|"&H$7,Schedule!$R$6:$R$125,0))&"–"&INDEX(Schedule!$E$6:$E$125,MATCH($B11&"|"&H$7,Schedule!$R$6:$R$125,0)),""),"")))) | I11: =IF(OR($B11="",I$7=""),"",IF($B11=I$7,"—",IFERROR(IF(INDEX(Schedule!$P$6:$P$125,MATCH($B11&"|"&I$7,Schedule!$Q$6:$Q$125,0))=1,INDEX(Schedule!$E$6:$E$125,MATCH($B11&"|"&I$7,Schedule!$Q$6:$Q$125,0))&"–"&INDEX(Schedule!$F$6:$F$125,MATCH($B11&"|"&I$7,Schedule!$Q$6:$Q$125,0)),""),IFERROR(IF(INDEX(Schedule!$P$6:$P$125,MATCH($B11&"|"&I$7,Schedule!$R$6:$R$125,0))=1,INDEX(Schedule!$F$6:$F$125,MATCH($B11&"|"&I$7,Schedule!$R$6:$R$125,0))&"–"&INDEX(Schedule!$E$6:$E$125,MATCH($B11&"|"&I$7,Schedule!$R$6:$R$125,0)),""),"")))) -> 5–6 | J11: =IF(OR($B11="",J$7=""),"",IF($B11=J$7,"—",IFERROR(IF(INDEX(Schedule!$P$6:$P$125,MATCH($B11&"|"&J$7,Schedule!$Q$6:$Q$125,0))=1,INDEX(Schedule!$E$6:$E$125,MATCH($B11&"|"&J$7,Schedule!$Q$6:$Q$125,0))&"–"&INDEX(Schedule!$F$6:$F$125,MATCH($B11&"|"&J$7,Schedule!$Q$6:$Q$125,0)),""),IFERROR(IF(INDEX(Schedule!$P$6:$P$125,MATCH($B11&"|"&J$7,Schedule!$R$6:$R$125,0))=1,INDEX(Schedule!$F$6:$F$125,MATCH($B11&"|"&J$7,Schedule!$R$6:$R$125,0))&"–"&INDEX(Schedule!$E$6:$E$125,MATCH($B11&"|"&J$7,Schedule!$R$6:$R$125,0)),""),"")))) | ... R11: =IF(OR($B11="",R$7=""),"",IF($B11=R$7,"—",IFERROR(IF(INDEX(Schedule!$P$6:$P$125,MATCH($B11&"|"&R$7,Schedule!$Q$6:$Q$125,0))=1,INDEX(Schedule!$E$6:$E$125,MATCH($B11&"|"&R$7,Schedule!$Q$6:$Q$125,0))&"–"&INDEX(Schedule!$F$6:$F$125,MATCH($B11&"|"&R$7,Schedule!$Q$6:$Q$125,0)),""),IFERROR(IF(INDEX(Schedule!$P$6:$P$125,MATCH($B11&"|"&R$7,Schedule!$R$6:$R$125,0))=1,INDEX(Schedule!$F$6:$F$125,MATCH($B11&"|"&R$7,Schedule!$R$6:$R$125,0))&"–"&INDEX(Schedule!$E$6:$E$125,MATCH($B11&"|"&R$7,Schedule!$R$6:$R$125,0)),""),""))))
B12: =IF(Setup!$C$20="","",Setup!$C$20) -> Elena | C12: =IF(OR($B12="",C$7=""),"",IF($B12=C$7,"—",IFERROR(IF(INDEX(Schedule!$P$6:$P$125,MATCH($B12&"|"&C$7,Schedule!$Q$6:$Q$125,0))=1,INDEX(Schedule!$E$6:$E$125,MATCH($B12&"|"&C$7,Schedule!$Q$6:$Q$125,0))&"–"&INDEX(Schedule!$F$6:$F$125,MATCH($B12&"|"&C$7,Schedule!$Q$6:$Q$125,0)),""),IFERROR(IF(INDEX(Schedule!$P$6:$P$125,MATCH($B12&"|"&C$7,Schedule!$R$6:$R$125,0))=1,INDEX(Schedule!$F$6:$F$125,MATCH($B12&"|"&C$7,Schedule!$R$6:$R$125,0))&"–"&INDEX(Schedule!$E$6:$E$125,MATCH($B12&"|"&C$7,Schedule!$R$6:$R$125,0)),""),"")))) -> 5–5 | D12: =IF(OR($B12="",D$7=""),"",IF($B12=D$7,"—",IFERROR(IF(INDEX(Schedule!$P$6:$P$125,MATCH($B12&"|"&D$7,Schedule!$Q$6:$Q$125,0))=1,INDEX(Schedule!$E$6:$E$125,MATCH($B12&"|"&D$7,Schedule!$Q$6:$Q$125,0))&"–"&INDEX(Schedule!$F$6:$F$125,MATCH($B12&"|"&D$7,Schedule!$Q$6:$Q$125,0)),""),IFERROR(IF(INDEX(Schedule!$P$6:$P$125,MATCH($B12&"|"&D$7,Schedule!$R$6:$R$125,0))=1,INDEX(Schedule!$F$6:$F$125,MATCH($B12&"|"&D$7,Schedule!$R$6:$R$125,0))&"–"&INDEX(Schedule!$E$6:$E$125,MATCH($B12&"|"&D$7,Schedule!$R$6:$R$125,0)),""),"")))) | E12: =IF(OR($B12="",E$7=""),"",IF($B12=E$7,"—",IFERROR(IF(INDEX(Schedule!$P$6:$P$125,MATCH($B12&"|"&E$7,Schedule!$Q$6:$Q$125,0))=1,INDEX(Schedule!$E$6:$E$125,MATCH($B12&"|"&E$7,Schedule!$Q$6:$Q$125,0))&"–"&INDEX(Schedule!$F$6:$F$125,MATCH($B12&"|"&E$7,Schedule!$Q$6:$Q$125,0)),""),IFERROR(IF(INDEX(Schedule!$P$6:$P$125,MATCH($B12&"|"&E$7,Schedule!$R$6:$R$125,0))=1,INDEX(Schedule!$F$6:$F$125,MATCH($B12&"|"&E$7,Schedule!$R$6:$R$125,0))&"–"&INDEX(Schedule!$E$6:$E$125,MATCH($B12&"|"&E$7,Schedule!$R$6:$R$125,0)),""),"")))) | F12: =IF(OR($B12="",F$7=""),"",IF($B12=F$7,"—",IFERROR(IF(INDEX(Schedule!$P$6:$P$125,MATCH($B12&"|"&F$7,Schedule!$Q$6:$Q$125,0))=1,INDEX(Schedule!$E$6:$E$125,MATCH($B12&"|"&F$7,Schedule!$Q$6:$Q$125,0))&"–"&INDEX(Schedule!$F$6:$F$125,MATCH($B12&"|"&F$7,Schedule!$Q$6:$Q$125,0)),""),IFERROR(IF(INDEX(Schedule!$P$6:$P$125,MATCH($B12&"|"&F$7,Schedule!$R$6:$R$125,0))=1,INDEX(Schedule!$F$6:$F$125,MATCH($B12&"|"&F$7,Schedule!$R$6:$R$125,0))&"–"&INDEX(Schedule!$E$6:$E$125,MATCH($B12&"|"&F$7,Schedule!$R$6:$R$125,0)),""),"")))) -> 2–6 | G12: =IF(OR($B12="",G$7=""),"",IF($B12=G$7,"—",IFERROR(IF(INDEX(Schedule!$P$6:$P$125,MATCH($B12&"|"&G$7,Schedule!$Q$6:$Q$125,0))=1,INDEX(Schedule!$E$6:$E$125,MATCH($B12&"|"&G$7,Schedule!$Q$6:$Q$125,0))&"–"&INDEX(Schedule!$F$6:$F$125,MATCH($B12&"|"&G$7,Schedule!$Q$6:$Q$125,0)),""),IFERROR(IF(INDEX(Schedule!$P$6:$P$125,MATCH($B12&"|"&G$7,Schedule!$R$6:$R$125,0))=1,INDEX(Schedule!$F$6:$F$125,MATCH($B12&"|"&G$7,Schedule!$R$6:$R$125,0))&"–"&INDEX(Schedule!$E$6:$E$125,MATCH($B12&"|"&G$7,Schedule!$R$6:$R$125,0)),""),"")))) -> — | H12: =IF(OR($B12="",H$7=""),"",IF($B12=H$7,"—",IFERROR(IF(INDEX(Schedule!$P$6:$P$125,MATCH($B12&"|"&H$7,Schedule!$Q$6:$Q$125,0))=1,INDEX(Schedule!$E$6:$E$125,MATCH($B12&"|"&H$7,Schedule!$Q$6:$Q$125,0))&"–"&INDEX(Schedule!$F$6:$F$125,MATCH($B12&"|"&H$7,Schedule!$Q$6:$Q$125,0)),""),IFERROR(IF(INDEX(Schedule!$P$6:$P$125,MATCH($B12&"|"&H$7,Schedule!$R$6:$R$125,0))=1,INDEX(Schedule!$F$6:$F$125,MATCH($B12&"|"&H$7,Schedule!$R$6:$R$125,0))&"–"&INDEX(Schedule!$E$6:$E$125,MATCH($B12&"|"&H$7,Schedule!$R$6:$R$125,0)),""),"")))) -> 6–1 | I12: =IF(OR($B12="",I$7=""),"",IF($B12=I$7,"—",IFERROR(IF(INDEX(Schedule!$P$6:$P$125,MATCH($B12&"|"&I$7,Schedule!$Q$6:$Q$125,0))=1,INDEX(Schedule!$E$6:$E$125,MATCH($B12&"|"&I$7,Schedule!$Q$6:$Q$125,0))&"–"&INDEX(Schedule!$F$6:$F$125,MATCH($B12&"|"&I$7,Schedule!$Q$6:$Q$125,0)),""),IFERROR(IF(INDEX(Schedule!$P$6:$P$125,MATCH($B12&"|"&I$7,Schedule!$R$6:$R$125,0))=1,INDEX(Schedule!$F$6:$F$125,MATCH($B12&"|"&I$7,Schedule!$R$6:$R$125,0))&"–"&INDEX(Schedule!$E$6:$E$125,MATCH($B12&"|"&I$7,Schedule!$R$6:$R$125,0)),""),"")))) | J12: =IF(OR($B12="",J$7=""),"",IF($B12=J$7,"—",IFERROR(IF(INDEX(Schedule!$P$6:$P$125,MATCH($B12&"|"&J$7,Schedule!$Q$6:$Q$125,0))=1,INDEX(Schedule!$E$6:$E$125,MATCH($B12&"|"&J$7,Schedule!$Q$6:$Q$125,0))&"–"&INDEX(Schedule!$F$6:$F$125,MATCH($B12&"|"&J$7,Schedule!$Q$6:$Q$125,0)),""),IFERROR(IF(INDEX(Schedule!$P$6:$P$125,MATCH($B12&"|"&J$7,Schedule!$R$6:$R$125,0))=1,INDEX(Schedule!$F$6:$F$125,MATCH($B12&"|"&J$7,Schedule!$R$6:$R$125,0))&"–"&INDEX(Schedule!$E$6:$E$125,MATCH($B12&"|"&J$7,Schedule!$R$6:$R$125,0)),""),"")))) | ... R12: =IF(OR($B12="",R$7=""),"",IF($B12=R$7,"—",IFERROR(IF(INDEX(Schedule!$P$6:$P$125,MATCH($B12&"|"&R$7,Schedule!$Q$6:$Q$125,0))=1,INDEX(Schedule!$E$6:$E$125,MATCH($B12&"|"&R$7,Schedule!$Q$6:$Q$125,0))&"–"&INDEX(Schedule!$F$6:$F$125,MATCH($B12&"|"&R$7,Schedule!$Q$6:$Q$125,0)),""),IFERROR(IF(INDEX(Schedule!$P$6:$P$125,MATCH($B12&"|"&R$7,Schedule!$R$6:$R$125,0))=1,INDEX(Schedule!$F$6:$F$125,MATCH($B12&"|"&R$7,Schedule!$R$6:$R$125,0))&"–"&INDEX(Schedule!$E$6:$E$125,MATCH($B12&"|"&R$7,Schedule!$R$6:$R$125,0)),""),""))))
B13: =IF(Setup!$C$21="","",Setup!$C$21) -> Felix | C13: =IF(OR($B13="",C$7=""),"",IF($B13=C$7,"—",IFERROR(IF(INDEX(Schedule!$P$6:$P$125,MATCH($B13&"|"&C$7,Schedule!$Q$6:$Q$125,0))=1,INDEX(Schedule!$E$6:$E$125,MATCH($B13&"|"&C$7,Schedule!$Q$6:$Q$125,0))&"–"&INDEX(Schedule!$F$6:$F$125,MATCH($B13&"|"&C$7,Schedule!$Q$6:$Q$125,0)),""),IFERROR(IF(INDEX(Schedule!$P$6:$P$125,MATCH($B13&"|"&C$7,Schedule!$R$6:$R$125,0))=1,INDEX(Schedule!$F$6:$F$125,MATCH($B13&"|"&C$7,Schedule!$R$6:$R$125,0))&"–"&INDEX(Schedule!$E$6:$E$125,MATCH($B13&"|"&C$7,Schedule!$R$6:$R$125,0)),""),"")))) | D13: =IF(OR($B13="",D$7=""),"",IF($B13=D$7,"—",IFERROR(IF(INDEX(Schedule!$P$6:$P$125,MATCH($B13&"|"&D$7,Schedule!$Q$6:$Q$125,0))=1,INDEX(Schedule!$E$6:$E$125,MATCH($B13&"|"&D$7,Schedule!$Q$6:$Q$125,0))&"–"&INDEX(Schedule!$F$6:$F$125,MATCH($B13&"|"&D$7,Schedule!$Q$6:$Q$125,0)),""),IFERROR(IF(INDEX(Schedule!$P$6:$P$125,MATCH($B13&"|"&D$7,Schedule!$R$6:$R$125,0))=1,INDEX(Schedule!$F$6:$F$125,MATCH($B13&"|"&D$7,Schedule!$R$6:$R$125,0))&"–"&INDEX(Schedule!$E$6:$E$125,MATCH($B13&"|"&D$7,Schedule!$R$6:$R$125,0)),""),"")))) | E13: =IF(OR($B13="",E$7=""),"",IF($B13=E$7,"—",IFERROR(IF(INDEX(Schedule!$P$6:$P$125,MATCH($B13&"|"&E$7,Schedule!$Q$6:$Q$125,0))=1,INDEX(Schedule!$E$6:$E$125,MATCH($B13&"|"&E$7,Schedule!$Q$6:$Q$125,0))&"–"&INDEX(Schedule!$F$6:$F$125,MATCH($B13&"|"&E$7,Schedule!$Q$6:$Q$125,0)),""),IFERROR(IF(INDEX(Schedule!$P$6:$P$125,MATCH($B13&"|"&E$7,Schedule!$R$6:$R$125,0))=1,INDEX(Schedule!$F$6:$F$125,MATCH($B13&"|"&E$7,Schedule!$R$6:$R$125,0))&"–"&INDEX(Schedule!$E$6:$E$125,MATCH($B13&"|"&E$7,Schedule!$R$6:$R$125,0)),""),"")))) -> 6–4 | F13: =IF(OR($B13="",F$7=""),"",IF($B13=F$7,"—",IFERROR(IF(INDEX(Schedule!$P$6:$P$125,MATCH($B13&"|"&F$7,Schedule!$Q$6:$Q$125,0))=1,INDEX(Schedule!$E$6:$E$125,MATCH($B13&"|"&F$7,Schedule!$Q$6:$Q$125,0))&"–"&INDEX(Schedule!$F$6:$F$125,MATCH($B13&"|"&F$7,Schedule!$Q$6:$Q$125,0)),""),IFERROR(IF(INDEX(Schedule!$P$6:$P$125,MATCH($B13&"|"&F$7,Schedule!$R$6:$R$125,0))=1,INDEX(Schedule!$F$6:$F$125,MATCH($B13&"|"&F$7,Schedule!$R$6:$R$125,0))&"–"&INDEX(Schedule!$E$6:$E$125,MATCH($B13&"|"&F$7,Schedule!$R$6:$R$125,0)),""),"")))) | G13: =IF(OR($B13="",G$7=""),"",IF($B13=G$7,"—",IFERROR(IF(INDEX(Schedule!$P$6:$P$125,MATCH($B13&"|"&G$7,Schedule!$Q$6:$Q$125,0))=1,INDEX(Schedule!$E$6:$E$125,MATCH($B13&"|"&G$7,Schedule!$Q$6:$Q$125,0))&"–"&INDEX(Schedule!$F$6:$F$125,MATCH($B13&"|"&G$7,Schedule!$Q$6:$Q$125,0)),""),IFERROR(IF(INDEX(Schedule!$P$6:$P$125,MATCH($B13&"|"&G$7,Schedule!$R$6:$R$125,0))=1,INDEX(Schedule!$F$6:$F$125,MATCH($B13&"|"&G$7,Schedule!$R$6:$R$125,0))&"–"&INDEX(Schedule!$E$6:$E$125,MATCH($B13&"|"&G$7,Schedule!$R$6:$R$125,0)),""),"")))) -> 1–6 | H13: =IF(OR($B13="",H$7=""),"",IF($B13=H$7,"—",IFERROR(IF(INDEX(Schedule!$P$6:$P$125,MATCH($B13&"|"&H$7,Schedule!$Q$6:$Q$125,0))=1,INDEX(Schedule!$E$6:$E$125,MATCH($B13&"|"&H$7,Schedule!$Q$6:$Q$125,0))&"–"&INDEX(Schedule!$F$6:$F$125,MATCH($B13&"|"&H$7,Schedule!$Q$6:$Q$125,0)),""),IFERROR(IF(INDEX(Schedule!$P$6:$P$125,MATCH($B13&"|"&H$7,Schedule!$R$6:$R$125,0))=1,INDEX(Schedule!$F$6:$F$125,MATCH($B13&"|"&H$7,Schedule!$R$6:$R$125,0))&"–"&INDEX(Schedule!$E$6:$E$125,MATCH($B13&"|"&H$7,Schedule!$R$6:$R$125,0)),""),"")))) -> — | I13: =IF(OR($B13="",I$7=""),"",IF($B13=I$7,"—",IFERROR(IF(INDEX(Schedule!$P$6:$P$125,MATCH($B13&"|"&I$7,Schedule!$Q$6:$Q$125,0))=1,INDEX(Schedule!$E$6:$E$125,MATCH($B13&"|"&I$7,Schedule!$Q$6:$Q$125,0))&"–"&INDEX(Schedule!$F$6:$F$125,MATCH($B13&"|"&I$7,Schedule!$Q$6:$Q$125,0)),""),IFERROR(IF(INDEX(Schedule!$P$6:$P$125,MATCH($B13&"|"&I$7,Schedule!$R$6:$R$125,0))=1,INDEX(Schedule!$F$6:$F$125,MATCH($B13&"|"&I$7,Schedule!$R$6:$R$125,0))&"–"&INDEX(Schedule!$E$6:$E$125,MATCH($B13&"|"&I$7,Schedule!$R$6:$R$125,0)),""),"")))) -> 6–0 | J13: =IF(OR($B13="",J$7=""),"",IF($B13=J$7,"—",IFERROR(IF(INDEX(Schedule!$P$6:$P$125,MATCH($B13&"|"&J$7,Schedule!$Q$6:$Q$125,0))=1,INDEX(Schedule!$E$6:$E$125,MATCH($B13&"|"&J$7,Schedule!$Q$6:$Q$125,0))&"–"&INDEX(Schedule!$F$6:$F$125,MATCH($B13&"|"&J$7,Schedule!$Q$6:$Q$125,0)),""),IFERROR(IF(INDEX(Schedule!$P$6:$P$125,MATCH($B13&"|"&J$7,Schedule!$R$6:$R$125,0))=1,INDEX(Schedule!$F$6:$F$125,MATCH($B13&"|"&J$7,Schedule!$R$6:$R$125,0))&"–"&INDEX(Schedule!$E$6:$E$125,MATCH($B13&"|"&J$7,Schedule!$R$6:$R$125,0)),""),"")))) | ... R13: =IF(OR($B13="",R$7=""),"",IF($B13=R$7,"—",IFERROR(IF(INDEX(Schedule!$P$6:$P$125,MATCH($B13&"|"&R$7,Schedule!$Q$6:$Q$125,0))=1,INDEX(Schedule!$E$6:$E$125,MATCH($B13&"|"&R$7,Schedule!$Q$6:$Q$125,0))&"–"&INDEX(Schedule!$F$6:$F$125,MATCH($B13&"|"&R$7,Schedule!$Q$6:$Q$125,0)),""),IFERROR(IF(INDEX(Schedule!$P$6:$P$125,MATCH($B13&"|"&R$7,Schedule!$R$6:$R$125,0))=1,INDEX(Schedule!$F$6:$F$125,MATCH($B13&"|"&R$7,Schedule!$R$6:$R$125,0))&"–"&INDEX(Schedule!$E$6:$E$125,MATCH($B13&"|"&R$7,Schedule!$R$6:$R$125,0)),""),""))))
B14: =IF(Setup!$C$22="","",Setup!$C$22) -> Grace | C14: =IF(OR($B14="",C$7=""),"",IF($B14=C$7,"—",IFERROR(IF(INDEX(Schedule!$P$6:$P$125,MATCH($B14&"|"&C$7,Schedule!$Q$6:$Q$125,0))=1,INDEX(Schedule!$E$6:$E$125,MATCH($B14&"|"&C$7,Schedule!$Q$6:$Q$125,0))&"–"&INDEX(Schedule!$F$6:$F$125,MATCH($B14&"|"&C$7,Schedule!$Q$6:$Q$125,0)),""),IFERROR(IF(INDEX(Schedule!$P$6:$P$125,MATCH($B14&"|"&C$7,Schedule!$R$6:$R$125,0))=1,INDEX(Schedule!$F$6:$F$125,MATCH($B14&"|"&C$7,Schedule!$R$6:$R$125,0))&"–"&INDEX(Schedule!$E$6:$E$125,MATCH($B14&"|"&C$7,Schedule!$R$6:$R$125,0)),""),"")))) | D14: =IF(OR($B14="",D$7=""),"",IF($B14=D$7,"—",IFERROR(IF(INDEX(Schedule!$P$6:$P$125,MATCH($B14&"|"&D$7,Schedule!$Q$6:$Q$125,0))=1,INDEX(Schedule!$E$6:$E$125,MATCH($B14&"|"&D$7,Schedule!$Q$6:$Q$125,0))&"–"&INDEX(Schedule!$F$6:$F$125,MATCH($B14&"|"&D$7,Schedule!$Q$6:$Q$125,0)),""),IFERROR(IF(INDEX(Schedule!$P$6:$P$125,MATCH($B14&"|"&D$7,Schedule!$R$6:$R$125,0))=1,INDEX(Schedule!$F$6:$F$125,MATCH($B14&"|"&D$7,Schedule!$R$6:$R$125,0))&"–"&INDEX(Schedule!$E$6:$E$125,MATCH($B14&"|"&D$7,Schedule!$R$6:$R$125,0)),""),"")))) -> 3–6 | E14: =IF(OR($B14="",E$7=""),"",IF($B14=E$7,"—",IFERROR(IF(INDEX(Schedule!$P$6:$P$125,MATCH($B14&"|"&E$7,Schedule!$Q$6:$Q$125,0))=1,INDEX(Schedule!$E$6:$E$125,MATCH($B14&"|"&E$7,Schedule!$Q$6:$Q$125,0))&"–"&INDEX(Schedule!$F$6:$F$125,MATCH($B14&"|"&E$7,Schedule!$Q$6:$Q$125,0)),""),IFERROR(IF(INDEX(Schedule!$P$6:$P$125,MATCH($B14&"|"&E$7,Schedule!$R$6:$R$125,0))=1,INDEX(Schedule!$F$6:$F$125,MATCH($B14&"|"&E$7,Schedule!$R$6:$R$125,0))&"–"&INDEX(Schedule!$E$6:$E$125,MATCH($B14&"|"&E$7,Schedule!$R$6:$R$125,0)),""),"")))) | F14: =IF(OR($B14="",F$7=""),"",IF($B14=F$7,"—",IFERROR(IF(INDEX(Schedule!$P$6:$P$125,MATCH($B14&"|"&F$7,Schedule!$Q$6:$Q$125,0))=1,INDEX(Schedule!$E$6:$E$125,MATCH($B14&"|"&F$7,Schedule!$Q$6:$Q$125,0))&"–"&INDEX(Schedule!$F$6:$F$125,MATCH($B14&"|"&F$7,Schedule!$Q$6:$Q$125,0)),""),IFERROR(IF(INDEX(Schedule!$P$6:$P$125,MATCH($B14&"|"&F$7,Schedule!$R$6:$R$125,0))=1,INDEX(Schedule!$F$6:$F$125,MATCH($B14&"|"&F$7,Schedule!$R$6:$R$125,0))&"–"&INDEX(Schedule!$E$6:$E$125,MATCH($B14&"|"&F$7,Schedule!$R$6:$R$125,0)),""),"")))) -> 6–5 | G14: =IF(OR($B14="",G$7=""),"",IF($B14=G$7,"—",IFERROR(IF(INDEX(Schedule!$P$6:$P$125,MATCH($B14&"|"&G$7,Schedule!$Q$6:$Q$125,0))=1,INDEX(Schedule!$E$6:$E$125,MATCH($B14&"|"&G$7,Schedule!$Q$6:$Q$125,0))&"–"&INDEX(Schedule!$F$6:$F$125,MATCH($B14&"|"&G$7,Schedule!$Q$6:$Q$125,0)),""),IFERROR(IF(INDEX(Schedule!$P$6:$P$125,MATCH($B14&"|"&G$7,Schedule!$R$6:$R$125,0))=1,INDEX(Schedule!$F$6:$F$125,MATCH($B14&"|"&G$7,Schedule!$R$6:$R$125,0))&"–"&INDEX(Schedule!$E$6:$E$125,MATCH($B14&"|"&G$7,Schedule!$R$6:$R$125,0)),""),"")))) | H14: =IF(OR($B14="",H$7=""),"",IF($B14=H$7,"—",IFERROR(IF(INDEX(Schedule!$P$6:$P$125,MATCH($B14&"|"&H$7,Schedule!$Q$6:$Q$125,0))=1,INDEX(Schedule!$E$6:$E$125,MATCH($B14&"|"&H$7,Schedule!$Q$6:$Q$125,0))&"–"&INDEX(Schedule!$F$6:$F$125,MATCH($B14&"|"&H$7,Schedule!$Q$6:$Q$125,0)),""),IFERROR(IF(INDEX(Schedule!$P$6:$P$125,MATCH($B14&"|"&H$7,Schedule!$R$6:$R$125,0))=1,INDEX(Schedule!$F$6:$F$125,MATCH($B14&"|"&H$7,Schedule!$R$6:$R$125,0))&"–"&INDEX(Schedule!$E$6:$E$125,MATCH($B14&"|"&H$7,Schedule!$R$6:$R$125,0)),""),"")))) -> 0–6 | I14: =IF(OR($B14="",I$7=""),"",IF($B14=I$7,"—",IFERROR(IF(INDEX(Schedule!$P$6:$P$125,MATCH($B14&"|"&I$7,Schedule!$Q$6:$Q$125,0))=1,INDEX(Schedule!$E$6:$E$125,MATCH($B14&"|"&I$7,Schedule!$Q$6:$Q$125,0))&"–"&INDEX(Schedule!$F$6:$F$125,MATCH($B14&"|"&I$7,Schedule!$Q$6:$Q$125,0)),""),IFERROR(IF(INDEX(Schedule!$P$6:$P$125,MATCH($B14&"|"&I$7,Schedule!$R$6:$R$125,0))=1,INDEX(Schedule!$F$6:$F$125,MATCH($B14&"|"&I$7,Schedule!$R$6:$R$125,0))&"–"&INDEX(Schedule!$E$6:$E$125,MATCH($B14&"|"&I$7,Schedule!$R$6:$R$125,0)),""),"")))) -> — | J14: =IF(OR($B14="",J$7=""),"",IF($B14=J$7,"—",IFERROR(IF(INDEX(Schedule!$P$6:$P$125,MATCH($B14&"|"&J$7,Schedule!$Q$6:$Q$125,0))=1,INDEX(Schedule!$E$6:$E$125,MATCH($B14&"|"&J$7,Schedule!$Q$6:$Q$125,0))&"–"&INDEX(Schedule!$F$6:$F$125,MATCH($B14&"|"&J$7,Schedule!$Q$6:$Q$125,0)),""),IFERROR(IF(INDEX(Schedule!$P$6:$P$125,MATCH($B14&"|"&J$7,Schedule!$R$6:$R$125,0))=1,INDEX(Schedule!$F$6:$F$125,MATCH($B14&"|"&J$7,Schedule!$R$6:$R$125,0))&"–"&INDEX(Schedule!$E$6:$E$125,MATCH($B14&"|"&J$7,Schedule!$R$6:$R$125,0)),""),"")))) | ... R14: =IF(OR($B14="",R$7=""),"",IF($B14=R$7,"—",IFERROR(IF(INDEX(Schedule!$P$6:$P$125,MATCH($B14&"|"&R$7,Schedule!$Q$6:$Q$125,0))=1,INDEX(Schedule!$E$6:$E$125,MATCH($B14&"|"&R$7,Schedule!$Q$6:$Q$125,0))&"–"&INDEX(Schedule!$F$6:$F$125,MATCH($B14&"|"&R$7,Schedule!$Q$6:$Q$125,0)),""),IFERROR(IF(INDEX(Schedule!$P$6:$P$125,MATCH($B14&"|"&R$7,Schedule!$R$6:$R$125,0))=1,INDEX(Schedule!$F$6:$F$125,MATCH($B14&"|"&R$7,Schedule!$R$6:$R$125,0))&"–"&INDEX(Schedule!$E$6:$E$125,MATCH($B14&"|"&R$7,Schedule!$R$6:$R$125,0)),""),""))))
B15: =IF(Setup!$C$23="","",Setup!$C$23) | C15: =IF(OR($B15="",C$7=""),"",IF($B15=C$7,"—",IFERROR(IF(INDEX(Schedule!$P$6:$P$125,MATCH($B15&"|"&C$7,Schedule!$Q$6:$Q$125,0))=1,INDEX(Schedule!$E$6:$E$125,MATCH($B15&"|"&C$7,Schedule!$Q$6:$Q$125,0))&"–"&INDEX(Schedule!$F$6:$F$125,MATCH($B15&"|"&C$7,Schedule!$Q$6:$Q$125,0)),""),IFERROR(IF(INDEX(Schedule!$P$6:$P$125,MATCH($B15&"|"&C$7,Schedule!$R$6:$R$125,0))=1,INDEX(Schedule!$F$6:$F$125,MATCH($B15&"|"&C$7,Schedule!$R$6:$R$125,0))&"–"&INDEX(Schedule!$E$6:$E$125,MATCH($B15&"|"&C$7,Schedule!$R$6:$R$125,0)),""),"")))) | D15: =IF(OR($B15="",D$7=""),"",IF($B15=D$7,"—",IFERROR(IF(INDEX(Schedule!$P$6:$P$125,MATCH($B15&"|"&D$7,Schedule!$Q$6:$Q$125,0))=1,INDEX(Schedule!$E$6:$E$125,MATCH($B15&"|"&D$7,Schedule!$Q$6:$Q$125,0))&"–"&INDEX(Schedule!$F$6:$F$125,MATCH($B15&"|"&D$7,Schedule!$Q$6:$Q$125,0)),""),IFERROR(IF(INDEX(Schedule!$P$6:$P$125,MATCH($B15&"|"&D$7,Schedule!$R$6:$R$125,0))=1,INDEX(Schedule!$F$6:$F$125,MATCH($B15&"|"&D$7,Schedule!$R$6:$R$125,0))&"–"&INDEX(Schedule!$E$6:$E$125,MATCH($B15&"|"&D$7,Schedule!$R$6:$R$125,0)),""),"")))) | E15: =IF(OR($B15="",E$7=""),"",IF($B15=E$7,"—",IFERROR(IF(INDEX(Schedule!$P$6:$P$125,MATCH($B15&"|"&E$7,Schedule!$Q$6:$Q$125,0))=1,INDEX(Schedule!$E$6:$E$125,MATCH($B15&"|"&E$7,Schedule!$Q$6:$Q$125,0))&"–"&INDEX(Schedule!$F$6:$F$125,MATCH($B15&"|"&E$7,Schedule!$Q$6:$Q$125,0)),""),IFERROR(IF(INDEX(Schedule!$P$6:$P$125,MATCH($B15&"|"&E$7,Schedule!$R$6:$R$125,0))=1,INDEX(Schedule!$F$6:$F$125,MATCH($B15&"|"&E$7,Schedule!$R$6:$R$125,0))&"–"&INDEX(Schedule!$E$6:$E$125,MATCH($B15&"|"&E$7,Schedule!$R$6:$R$125,0)),""),"")))) | F15: =IF(OR($B15="",F$7=""),"",IF($B15=F$7,"—",IFERROR(IF(INDEX(Schedule!$P$6:$P$125,MATCH($B15&"|"&F$7,Schedule!$Q$6:$Q$125,0))=1,INDEX(Schedule!$E$6:$E$125,MATCH($B15&"|"&F$7,Schedule!$Q$6:$Q$125,0))&"–"&INDEX(Schedule!$F$6:$F$125,MATCH($B15&"|"&F$7,Schedule!$Q$6:$Q$125,0)),""),IFERROR(IF(INDEX(Schedule!$P$6:$P$125,MATCH($B15&"|"&F$7,Schedule!$R$6:$R$125,0))=1,INDEX(Schedule!$F$6:$F$125,MATCH($B15&"|"&F$7,Schedule!$R$6:$R$125,0))&"–"&INDEX(Schedule!$E$6:$E$125,MATCH($B15&"|"&F$7,Schedule!$R$6:$R$125,0)),""),"")))) | G15: =IF(OR($B15="",G$7=""),"",IF($B15=G$7,"—",IFERROR(IF(INDEX(Schedule!$P$6:$P$125,MATCH($B15&"|"&G$7,Schedule!$Q$6:$Q$125,0))=1,INDEX(Schedule!$E$6:$E$125,MATCH($B15&"|"&G$7,Schedule!$Q$6:$Q$125,0))&"–"&INDEX(Schedule!$F$6:$F$125,MATCH($B15&"|"&G$7,Schedule!$Q$6:$Q$125,0)),""),IFERROR(IF(INDEX(Schedule!$P$6:$P$125,MATCH($B15&"|"&G$7,Schedule!$R$6:$R$125,0))=1,INDEX(Schedule!$F$6:$F$125,MATCH($B15&"|"&G$7,Schedule!$R$6:$R$125,0))&"–"&INDEX(Schedule!$E$6:$E$125,MATCH($B15&"|"&G$7,Schedule!$R$6:$R$125,0)),""),"")))) | H15: =IF(OR($B15="",H$7=""),"",IF($B15=H$7,"—",IFERROR(IF(INDEX(Schedule!$P$6:$P$125,MATCH($B15&"|"&H$7,Schedule!$Q$6:$Q$125,0))=1,INDEX(Schedule!$E$6:$E$125,MATCH($B15&"|"&H$7,Schedule!$Q$6:$Q$125,0))&"–"&INDEX(Schedule!$F$6:$F$125,MATCH($B15&"|"&H$7,Schedule!$Q$6:$Q$125,0)),""),IFERROR(IF(INDEX(Schedule!$P$6:$P$125,MATCH($B15&"|"&H$7,Schedule!$R$6:$R$125,0))=1,INDEX(Schedule!$F$6:$F$125,MATCH($B15&"|"&H$7,Schedule!$R$6:$R$125,0))&"–"&INDEX(Schedule!$E$6:$E$125,MATCH($B15&"|"&H$7,Schedule!$R$6:$R$125,0)),""),"")))) | I15: =IF(OR($B15="",I$7=""),"",IF($B15=I$7,"—",IFERROR(IF(INDEX(Schedule!$P$6:$P$125,MATCH($B15&"|"&I$7,Schedule!$Q$6:$Q$125,0))=1,INDEX(Schedule!$E$6:$E$125,MATCH($B15&"|"&I$7,Schedule!$Q$6:$Q$125,0))&"–"&INDEX(Schedule!$F$6:$F$125,MATCH($B15&"|"&I$7,Schedule!$Q$6:$Q$125,0)),""),IFERROR(IF(INDEX(Schedule!$P$6:$P$125,MATCH($B15&"|"&I$7,Schedule!$R$6:$R$125,0))=1,INDEX(Schedule!$F$6:$F$125,MATCH($B15&"|"&I$7,Schedule!$R$6:$R$125,0))&"–"&INDEX(Schedule!$E$6:$E$125,MATCH($B15&"|"&I$7,Schedule!$R$6:$R$125,0)),""),"")))) | J15: =IF(OR($B15="",J$7=""),"",IF($B15=J$7,"—",IFERROR(IF(INDEX(Schedule!$P$6:$P$125,MATCH($B15&"|"&J$7,Schedule!$Q$6:$Q$125,0))=1,INDEX(Schedule!$E$6:$E$125,MATCH($B15&"|"&J$7,Schedule!$Q$6:$Q$125,0))&"–"&INDEX(Schedule!$F$6:$F$125,MATCH($B15&"|"&J$7,Schedule!$Q$6:$Q$125,0)),""),IFERROR(IF(INDEX(Schedule!$P$6:$P$125,MATCH($B15&"|"&J$7,Schedule!$R$6:$R$125,0))=1,INDEX(Schedule!$F$6:$F$125,MATCH($B15&"|"&J$7,Schedule!$R$6:$R$125,0))&"–"&INDEX(Schedule!$E$6:$E$125,MATCH($B15&"|"&J$7,Schedule!$R$6:$R$125,0)),""),"")))) | ... R15: =IF(OR($B15="",R$7=""),"",IF($B15=R$7,"—",IFERROR(IF(INDEX(Schedule!$P$6:$P$125,MATCH($B15&"|"&R$7,Schedule!$Q$6:$Q$125,0))=1,INDEX(Schedule!$E$6:$E$125,MATCH($B15&"|"&R$7,Schedule!$Q$6:$Q$125,0))&"–"&INDEX(Schedule!$F$6:$F$125,MATCH($B15&"|"&R$7,Schedule!$Q$6:$Q$125,0)),""),IFERROR(IF(INDEX(Schedule!$P$6:$P$125,MATCH($B15&"|"&R$7,Schedule!$R$6:$R$125,0))=1,INDEX(Schedule!$F$6:$F$125,MATCH($B15&"|"&R$7,Schedule!$R$6:$R$125,0))&"–"&INDEX(Schedule!$E$6:$E$125,MATCH($B15&"|"&R$7,Schedule!$R$6:$R$125,0)),""),""))))
B16: =IF(Setup!$C$24="","",Setup!$C$24) | C16: =IF(OR($B16="",C$7=""),"",IF($B16=C$7,"—",IFERROR(IF(INDEX(Schedule!$P$6:$P$125,MATCH($B16&"|"&C$7,Schedule!$Q$6:$Q$125,0))=1,INDEX(Schedule!$E$6:$E$125,MATCH($B16&"|"&C$7,Schedule!$Q$6:$Q$125,0))&"–"&INDEX(Schedule!$F$6:$F$125,MATCH($B16&"|"&C$7,Schedule!$Q$6:$Q$125,0)),""),IFERROR(IF(INDEX(Schedule!$P$6:$P$125,MATCH($B16&"|"&C$7,Schedule!$R$6:$R$125,0))=1,INDEX(Schedule!$F$6:$F$125,MATCH($B16&"|"&C$7,Schedule!$R$6:$R$125,0))&"–"&INDEX(Schedule!$E$6:$E$125,MATCH($B16&"|"&C$7,Schedule!$R$6:$R$125,0)),""),"")))) | D16: =IF(OR($B16="",D$7=""),"",IF($B16=D$7,"—",IFERROR(IF(INDEX(Schedule!$P$6:$P$125,MATCH($B16&"|"&D$7,Schedule!$Q$6:$Q$125,0))=1,INDEX(Schedule!$E$6:$E$125,MATCH($B16&"|"&D$7,Schedule!$Q$6:$Q$125,0))&"–"&INDEX(Schedule!$F$6:$F$125,MATCH($B16&"|"&D$7,Schedule!$Q$6:$Q$125,0)),""),IFERROR(IF(INDEX(Schedule!$P$6:$P$125,MATCH($B16&"|"&D$7,Schedule!$R$6:$R$125,0))=1,INDEX(Schedule!$F$6:$F$125,MATCH($B16&"|"&D$7,Schedule!$R$6:$R$125,0))&"–"&INDEX(Schedule!$E$6:$E$125,MATCH($B16&"|"&D$7,Schedule!$R$6:$R$125,0)),""),"")))) | E16: =IF(OR($B16="",E$7=""),"",IF($B16=E$7,"—",IFERROR(IF(INDEX(Schedule!$P$6:$P$125,MATCH($B16&"|"&E$7,Schedule!$Q$6:$Q$125,0))=1,INDEX(Schedule!$E$6:$E$125,MATCH($B16&"|"&E$7,Schedule!$Q$6:$Q$125,0))&"–"&INDEX(Schedule!$F$6:$F$125,MATCH($B16&"|"&E$7,Schedule!$Q$6:$Q$125,0)),""),IFERROR(IF(INDEX(Schedule!$P$6:$P$125,MATCH($B16&"|"&E$7,Schedule!$R$6:$R$125,0))=1,INDEX(Schedule!$F$6:$F$125,MATCH($B16&"|"&E$7,Schedule!$R$6:$R$125,0))&"–"&INDEX(Schedule!$E$6:$E$125,MATCH($B16&"|"&E$7,Schedule!$R$6:$R$125,0)),""),"")))) | F16: =IF(OR($B16="",F$7=""),"",IF($B16=F$7,"—",IFERROR(IF(INDEX(Schedule!$P$6:$P$125,MATCH($B16&"|"&F$7,Schedule!$Q$6:$Q$125,0))=1,INDEX(Schedule!$E$6:$E$125,MATCH($B16&"|"&F$7,Schedule!$Q$6:$Q$125,0))&"–"&INDEX(Schedule!$F$6:$F$125,MATCH($B16&"|"&F$7,Schedule!$Q$6:$Q$125,0)),""),IFERROR(IF(INDEX(Schedule!$P$6:$P$125,MATCH($B16&"|"&F$7,Schedule!$R$6:$R$125,0))=1,INDEX(Schedule!$F$6:$F$125,MATCH($B16&"|"&F$7,Schedule!$R$6:$R$125,0))&"–"&INDEX(Schedule!$E$6:$E$125,MATCH($B16&"|"&F$7,Schedule!$R$6:$R$125,0)),""),"")))) | G16: =IF(OR($B16="",G$7=""),"",IF($B16=G$7,"—",IFERROR(IF(INDEX(Schedule!$P$6:$P$125,MATCH($B16&"|"&G$7,Schedule!$Q$6:$Q$125,0))=1,INDEX(Schedule!$E$6:$E$125,MATCH($B16&"|"&G$7,Schedule!$Q$6:$Q$125,0))&"–"&INDEX(Schedule!$F$6:$F$125,MATCH($B16&"|"&G$7,Schedule!$Q$6:$Q$125,0)),""),IFERROR(IF(INDEX(Schedule!$P$6:$P$125,MATCH($B16&"|"&G$7,Schedule!$R$6:$R$125,0))=1,INDEX(Schedule!$F$6:$F$125,MATCH($B16&"|"&G$7,Schedule!$R$6:$R$125,0))&"–"&INDEX(Schedule!$E$6:$E$125,MATCH($B16&"|"&G$7,Schedule!$R$6:$R$125,0)),""),"")))) | H16: =IF(OR($B16="",H$7=""),"",IF($B16=H$7,"—",IFERROR(IF(INDEX(Schedule!$P$6:$P$125,MATCH($B16&"|"&H$7,Schedule!$Q$6:$Q$125,0))=1,INDEX(Schedule!$E$6:$E$125,MATCH($B16&"|"&H$7,Schedule!$Q$6:$Q$125,0))&"–"&INDEX(Schedule!$F$6:$F$125,MATCH($B16&"|"&H$7,Schedule!$Q$6:$Q$125,0)),""),IFERROR(IF(INDEX(Schedule!$P$6:$P$125,MATCH($B16&"|"&H$7,Schedule!$R$6:$R$125,0))=1,INDEX(Schedule!$F$6:$F$125,MATCH($B16&"|"&H$7,Schedule!$R$6:$R$125,0))&"–"&INDEX(Schedule!$E$6:$E$125,MATCH($B16&"|"&H$7,Schedule!$R$6:$R$125,0)),""),"")))) | I16: =IF(OR($B16="",I$7=""),"",IF($B16=I$7,"—",IFERROR(IF(INDEX(Schedule!$P$6:$P$125,MATCH($B16&"|"&I$7,Schedule!$Q$6:$Q$125,0))=1,INDEX(Schedule!$E$6:$E$125,MATCH($B16&"|"&I$7,Schedule!$Q$6:$Q$125,0))&"–"&INDEX(Schedule!$F$6:$F$125,MATCH($B16&"|"&I$7,Schedule!$Q$6:$Q$125,0)),""),IFERROR(IF(INDEX(Schedule!$P$6:$P$125,MATCH($B16&"|"&I$7,Schedule!$R$6:$R$125,0))=1,INDEX(Schedule!$F$6:$F$125,MATCH($B16&"|"&I$7,Schedule!$R$6:$R$125,0))&"–"&INDEX(Schedule!$E$6:$E$125,MATCH($B16&"|"&I$7,Schedule!$R$6:$R$125,0)),""),"")))) | J16: =IF(OR($B16="",J$7=""),"",IF($B16=J$7,"—",IFERROR(IF(INDEX(Schedule!$P$6:$P$125,MATCH($B16&"|"&J$7,Schedule!$Q$6:$Q$125,0))=1,INDEX(Schedule!$E$6:$E$125,MATCH($B16&"|"&J$7,Schedule!$Q$6:$Q$125,0))&"–"&INDEX(Schedule!$F$6:$F$125,MATCH($B16&"|"&J$7,Schedule!$Q$6:$Q$125,0)),""),IFERROR(IF(INDEX(Schedule!$P$6:$P$125,MATCH($B16&"|"&J$7,Schedule!$R$6:$R$125,0))=1,INDEX(Schedule!$F$6:$F$125,MATCH($B16&"|"&J$7,Schedule!$R$6:$R$125,0))&"–"&INDEX(Schedule!$E$6:$E$125,MATCH($B16&"|"&J$7,Schedule!$R$6:$R$125,0)),""),"")))) | ... R16: =IF(OR($B16="",R$7=""),"",IF($B16=R$7,"—",IFERROR(IF(INDEX(Schedule!$P$6:$P$125,MATCH($B16&"|"&R$7,Schedule!$Q$6:$Q$125,0))=1,INDEX(Schedule!$E$6:$E$125,MATCH($B16&"|"&R$7,Schedule!$Q$6:$Q$125,0))&"–"&INDEX(Schedule!$F$6:$F$125,MATCH($B16&"|"&R$7,Schedule!$Q$6:$Q$125,0)),""),IFERROR(IF(INDEX(Schedule!$P$6:$P$125,MATCH($B16&"|"&R$7,Schedule!$R$6:$R$125,0))=1,INDEX(Schedule!$F$6:$F$125,MATCH($B16&"|"&R$7,Schedule!$R$6:$R$125,0))&"–"&INDEX(Schedule!$E$6:$E$125,MATCH($B16&"|"&R$7,Schedule!$R$6:$R$125,0)),""),""))))
B17: =IF(Setup!$C$25="","",Setup!$C$25) | C17: =IF(OR($B17="",C$7=""),"",IF($B17=C$7,"—",IFERROR(IF(INDEX(Schedule!$P$6:$P$125,MATCH($B17&"|"&C$7,Schedule!$Q$6:$Q$125,0))=1,INDEX(Schedule!$E$6:$E$125,MATCH($B17&"|"&C$7,Schedule!$Q$6:$Q$125,0))&"–"&INDEX(Schedule!$F$6:$F$125,MATCH($B17&"|"&C$7,Schedule!$Q$6:$Q$125,0)),""),IFERROR(IF(INDEX(Schedule!$P$6:$P$125,MATCH($B17&"|"&C$7,Schedule!$R$6:$R$125,0))=1,INDEX(Schedule!$F$6:$F$125,MATCH($B17&"|"&C$7,Schedule!$R$6:$R$125,0))&"–"&INDEX(Schedule!$E$6:$E$125,MATCH($B17&"|"&C$7,Schedule!$R$6:$R$125,0)),""),"")))) | D17: =IF(OR($B17="",D$7=""),"",IF($B17=D$7,"—",IFERROR(IF(INDEX(Schedule!$P$6:$P$125,MATCH($B17&"|"&D$7,Schedule!$Q$6:$Q$125,0))=1,INDEX(Schedule!$E$6:$E$125,MATCH($B17&"|"&D$7,Schedule!$Q$6:$Q$125,0))&"–"&INDEX(Schedule!$F$6:$F$125,MATCH($B17&"|"&D$7,Schedule!$Q$6:$Q$125,0)),""),IFERROR(IF(INDEX(Schedule!$P$6:$P$125,MATCH($B17&"|"&D$7,Schedule!$R$6:$R$125,0))=1,INDEX(Schedule!$F$6:$F$125,MATCH($B17&"|"&D$7,Schedule!$R$6:$R$125,0))&"–"&INDEX(Schedule!$E$6:$E$125,MATCH($B17&"|"&D$7,Schedule!$R$6:$R$125,0)),""),"")))) | E17: =IF(OR($B17="",E$7=""),"",IF($B17=E$7,"—",IFERROR(IF(INDEX(Schedule!$P$6:$P$125,MATCH($B17&"|"&E$7,Schedule!$Q$6:$Q$125,0))=1,INDEX(Schedule!$E$6:$E$125,MATCH($B17&"|"&E$7,Schedule!$Q$6:$Q$125,0))&"–"&INDEX(Schedule!$F$6:$F$125,MATCH($B17&"|"&E$7,Schedule!$Q$6:$Q$125,0)),""),IFERROR(IF(INDEX(Schedule!$P$6:$P$125,MATCH($B17&"|"&E$7,Schedule!$R$6:$R$125,0))=1,INDEX(Schedule!$F$6:$F$125,MATCH($B17&"|"&E$7,Schedule!$R$6:$R$125,0))&"–"&INDEX(Schedule!$E$6:$E$125,MATCH($B17&"|"&E$7,Schedule!$R$6:$R$125,0)),""),"")))) | F17: =IF(OR($B17="",F$7=""),"",IF($B17=F$7,"—",IFERROR(IF(INDEX(Schedule!$P$6:$P$125,MATCH($B17&"|"&F$7,Schedule!$Q$6:$Q$125,0))=1,INDEX(Schedule!$E$6:$E$125,MATCH($B17&"|"&F$7,Schedule!$Q$6:$Q$125,0))&"–"&INDEX(Schedule!$F$6:$F$125,MATCH($B17&"|"&F$7,Schedule!$Q$6:$Q$125,0)),""),IFERROR(IF(INDEX(Schedule!$P$6:$P$125,MATCH($B17&"|"&F$7,Schedule!$R$6:$R$125,0))=1,INDEX(Schedule!$F$6:$F$125,MATCH($B17&"|"&F$7,Schedule!$R$6:$R$125,0))&"–"&INDEX(Schedule!$E$6:$E$125,MATCH($B17&"|"&F$7,Schedule!$R$6:$R$125,0)),""),"")))) | G17: =IF(OR($B17="",G$7=""),"",IF($B17=G$7,"—",IFERROR(IF(INDEX(Schedule!$P$6:$P$125,MATCH($B17&"|"&G$7,Schedule!$Q$6:$Q$125,0))=1,INDEX(Schedule!$E$6:$E$125,MATCH($B17&"|"&G$7,Schedule!$Q$6:$Q$125,0))&"–"&INDEX(Schedule!$F$6:$F$125,MATCH($B17&"|"&G$7,Schedule!$Q$6:$Q$125,0)),""),IFERROR(IF(INDEX(Schedule!$P$6:$P$125,MATCH($B17&"|"&G$7,Schedule!$R$6:$R$125,0))=1,INDEX(Schedule!$F$6:$F$125,MATCH($B17&"|"&G$7,Schedule!$R$6:$R$125,0))&"–"&INDEX(Schedule!$E$6:$E$125,MATCH($B17&"|"&G$7,Schedule!$R$6:$R$125,0)),""),"")))) | H17: =IF(OR($B17="",H$7=""),"",IF($B17=H$7,"—",IFERROR(IF(INDEX(Schedule!$P$6:$P$125,MATCH($B17&"|"&H$7,Schedule!$Q$6:$Q$125,0))=1,INDEX(Schedule!$E$6:$E$125,MATCH($B17&"|"&H$7,Schedule!$Q$6:$Q$125,0))&"–"&INDEX(Schedule!$F$6:$F$125,MATCH($B17&"|"&H$7,Schedule!$Q$6:$Q$125,0)),""),IFERROR(IF(INDEX(Schedule!$P$6:$P$125,MATCH($B17&"|"&H$7,Schedule!$R$6:$R$125,0))=1,INDEX(Schedule!$F$6:$F$125,MATCH($B17&"|"&H$7,Schedule!$R$6:$R$125,0))&"–"&INDEX(Schedule!$E$6:$E$125,MATCH($B17&"|"&H$7,Schedule!$R$6:$R$125,0)),""),"")))) | I17: =IF(OR($B17="",I$7=""),"",IF($B17=I$7,"—",IFERROR(IF(INDEX(Schedule!$P$6:$P$125,MATCH($B17&"|"&I$7,Schedule!$Q$6:$Q$125,0))=1,INDEX(Schedule!$E$6:$E$125,MATCH($B17&"|"&I$7,Schedule!$Q$6:$Q$125,0))&"–"&INDEX(Schedule!$F$6:$F$125,MATCH($B17&"|"&I$7,Schedule!$Q$6:$Q$125,0)),""),IFERROR(IF(INDEX(Schedule!$P$6:$P$125,MATCH($B17&"|"&I$7,Schedule!$R$6:$R$125,0))=1,INDEX(Schedule!$F$6:$F$125,MATCH($B17&"|"&I$7,Schedule!$R$6:$R$125,0))&"–"&INDEX(Schedule!$E$6:$E$125,MATCH($B17&"|"&I$7,Schedule!$R$6:$R$125,0)),""),"")))) | J17: =IF(OR($B17="",J$7=""),"",IF($B17=J$7,"—",IFERROR(IF(INDEX(Schedule!$P$6:$P$125,MATCH($B17&"|"&J$7,Schedule!$Q$6:$Q$125,0))=1,INDEX(Schedule!$E$6:$E$125,MATCH($B17&"|"&J$7,Schedule!$Q$6:$Q$125,0))&"–"&INDEX(Schedule!$F$6:$F$125,MATCH($B17&"|"&J$7,Schedule!$Q$6:$Q$125,0)),""),IFERROR(IF(INDEX(Schedule!$P$6:$P$125,MATCH($B17&"|"&J$7,Schedule!$R$6:$R$125,0))=1,INDEX(Schedule!$F$6:$F$125,MATCH($B17&"|"&J$7,Schedule!$R$6:$R$125,0))&"–"&INDEX(Schedule!$E$6:$E$125,MATCH($B17&"|"&J$7,Schedule!$R$6:$R$125,0)),""),"")))) | ... R17: =IF(OR($B17="",R$7=""),"",IF($B17=R$7,"—",IFERROR(IF(INDEX(Schedule!$P$6:$P$125,MATCH($B17&"|"&R$7,Schedule!$Q$6:$Q$125,0))=1,INDEX(Schedule!$E$6:$E$125,MATCH($B17&"|"&R$7,Schedule!$Q$6:$Q$125,0))&"–"&INDEX(Schedule!$F$6:$F$125,MATCH($B17&"|"&R$7,Schedule!$Q$6:$Q$125,0)),""),IFERROR(IF(INDEX(Schedule!$P$6:$P$125,MATCH($B17&"|"&R$7,Schedule!$R$6:$R$125,0))=1,INDEX(Schedule!$F$6:$F$125,MATCH($B17&"|"&R$7,Schedule!$R$6:$R$125,0))&"–"&INDEX(Schedule!$E$6:$E$125,MATCH($B17&"|"&R$7,Schedule!$R$6:$R$125,0)),""),""))))
B18: =IF(Setup!$C$26="","",Setup!$C$26) | C18: =IF(OR($B18="",C$7=""),"",IF($B18=C$7,"—",IFERROR(IF(INDEX(Schedule!$P$6:$P$125,MATCH($B18&"|"&C$7,Schedule!$Q$6:$Q$125,0))=1,INDEX(Schedule!$E$6:$E$125,MATCH($B18&"|"&C$7,Schedule!$Q$6:$Q$125,0))&"–"&INDEX(Schedule!$F$6:$F$125,MATCH($B18&"|"&C$7,Schedule!$Q$6:$Q$125,0)),""),IFERROR(IF(INDEX(Schedule!$P$6:$P$125,MATCH($B18&"|"&C$7,Schedule!$R$6:$R$125,0))=1,INDEX(Schedule!$F$6:$F$125,MATCH($B18&"|"&C$7,Schedule!$R$6:$R$125,0))&"–"&INDEX(Schedule!$E$6:$E$125,MATCH($B18&"|"&C$7,Schedule!$R$6:$R$125,0)),""),"")))) | D18: =IF(OR($B18="",D$7=""),"",IF($B18=D$7,"—",IFERROR(IF(INDEX(Schedule!$P$6:$P$125,MATCH($B18&"|"&D$7,Schedule!$Q$6:$Q$125,0))=1,INDEX(Schedule!$E$6:$E$125,MATCH($B18&"|"&D$7,Schedule!$Q$6:$Q$125,0))&"–"&INDEX(Schedule!$F$6:$F$125,MATCH($B18&"|"&D$7,Schedule!$Q$6:$Q$125,0)),""),IFERROR(IF(INDEX(Schedule!$P$6:$P$125,MATCH($B18&"|"&D$7,Schedule!$R$6:$R$125,0))=1,INDEX(Schedule!$F$6:$F$125,MATCH($B18&"|"&D$7,Schedule!$R$6:$R$125,0))&"–"&INDEX(Schedule!$E$6:$E$125,MATCH($B18&"|"&D$7,Schedule!$R$6:$R$125,0)),""),"")))) | E18: =IF(OR($B18="",E$7=""),"",IF($B18=E$7,"—",IFERROR(IF(INDEX(Schedule!$P$6:$P$125,MATCH($B18&"|"&E$7,Schedule!$Q$6:$Q$125,0))=1,INDEX(Schedule!$E$6:$E$125,MATCH($B18&"|"&E$7,Schedule!$Q$6:$Q$125,0))&"–"&INDEX(Schedule!$F$6:$F$125,MATCH($B18&"|"&E$7,Schedule!$Q$6:$Q$125,0)),""),IFERROR(IF(INDEX(Schedule!$P$6:$P$125,MATCH($B18&"|"&E$7,Schedule!$R$6:$R$125,0))=1,INDEX(Schedule!$F$6:$F$125,MATCH($B18&"|"&E$7,Schedule!$R$6:$R$125,0))&"–"&INDEX(Schedule!$E$6:$E$125,MATCH($B18&"|"&E$7,Schedule!$R$6:$R$125,0)),""),"")))) | F18: =IF(OR($B18="",F$7=""),"",IF($B18=F$7,"—",IFERROR(IF(INDEX(Schedule!$P$6:$P$125,MATCH($B18&"|"&F$7,Schedule!$Q$6:$Q$125,0))=1,INDEX(Schedule!$E$6:$E$125,MATCH($B18&"|"&F$7,Schedule!$Q$6:$Q$125,0))&"–"&INDEX(Schedule!$F$6:$F$125,MATCH($B18&"|"&F$7,Schedule!$Q$6:$Q$125,0)),""),IFERROR(IF(INDEX(Schedule!$P$6:$P$125,MATCH($B18&"|"&F$7,Schedule!$R$6:$R$125,0))=1,INDEX(Schedule!$F$6:$F$125,MATCH($B18&"|"&F$7,Schedule!$R$6:$R$125,0))&"–"&INDEX(Schedule!$E$6:$E$125,MATCH($B18&"|"&F$7,Schedule!$R$6:$R$125,0)),""),"")))) | G18: =IF(OR($B18="",G$7=""),"",IF($B18=G$7,"—",IFERROR(IF(INDEX(Schedule!$P$6:$P$125,MATCH($B18&"|"&G$7,Schedule!$Q$6:$Q$125,0))=1,INDEX(Schedule!$E$6:$E$125,MATCH($B18&"|"&G$7,Schedule!$Q$6:$Q$125,0))&"–"&INDEX(Schedule!$F$6:$F$125,MATCH($B18&"|"&G$7,Schedule!$Q$6:$Q$125,0)),""),IFERROR(IF(INDEX(Schedule!$P$6:$P$125,MATCH($B18&"|"&G$7,Schedule!$R$6:$R$125,0))=1,INDEX(Schedule!$F$6:$F$125,MATCH($B18&"|"&G$7,Schedule!$R$6:$R$125,0))&"–"&INDEX(Schedule!$E$6:$E$125,MATCH($B18&"|"&G$7,Schedule!$R$6:$R$125,0)),""),"")))) | H18: =IF(OR($B18="",H$7=""),"",IF($B18=H$7,"—",IFERROR(IF(INDEX(Schedule!$P$6:$P$125,MATCH($B18&"|"&H$7,Schedule!$Q$6:$Q$125,0))=1,INDEX(Schedule!$E$6:$E$125,MATCH($B18&"|"&H$7,Schedule!$Q$6:$Q$125,0))&"–"&INDEX(Schedule!$F$6:$F$125,MATCH($B18&"|"&H$7,Schedule!$Q$6:$Q$125,0)),""),IFERROR(IF(INDEX(Schedule!$P$6:$P$125,MATCH($B18&"|"&H$7,Schedule!$R$6:$R$125,0))=1,INDEX(Schedule!$F$6:$F$125,MATCH($B18&"|"&H$7,Schedule!$R$6:$R$125,0))&"–"&INDEX(Schedule!$E$6:$E$125,MATCH($B18&"|"&H$7,Schedule!$R$6:$R$125,0)),""),"")))) | I18: =IF(OR($B18="",I$7=""),"",IF($B18=I$7,"—",IFERROR(IF(INDEX(Schedule!$P$6:$P$125,MATCH($B18&"|"&I$7,Schedule!$Q$6:$Q$125,0))=1,INDEX(Schedule!$E$6:$E$125,MATCH($B18&"|"&I$7,Schedule!$Q$6:$Q$125,0))&"–"&INDEX(Schedule!$F$6:$F$125,MATCH($B18&"|"&I$7,Schedule!$Q$6:$Q$125,0)),""),IFERROR(IF(INDEX(Schedule!$P$6:$P$125,MATCH($B18&"|"&I$7,Schedule!$R$6:$R$125,0))=1,INDEX(Schedule!$F$6:$F$125,MATCH($B18&"|"&I$7,Schedule!$R$6:$R$125,0))&"–"&INDEX(Schedule!$E$6:$E$125,MATCH($B18&"|"&I$7,Schedule!$R$6:$R$125,0)),""),"")))) | J18: =IF(OR($B18="",J$7=""),"",IF($B18=J$7,"—",IFERROR(IF(INDEX(Schedule!$P$6:$P$125,MATCH($B18&"|"&J$7,Schedule!$Q$6:$Q$125,0))=1,INDEX(Schedule!$E$6:$E$125,MATCH($B18&"|"&J$7,Schedule!$Q$6:$Q$125,0))&"–"&INDEX(Schedule!$F$6:$F$125,MATCH($B18&"|"&J$7,Schedule!$Q$6:$Q$125,0)),""),IFERROR(IF(INDEX(Schedule!$P$6:$P$125,MATCH($B18&"|"&J$7,Schedule!$R$6:$R$125,0))=1,INDEX(Schedule!$F$6:$F$125,MATCH($B18&"|"&J$7,Schedule!$R$6:$R$125,0))&"–"&INDEX(Schedule!$E$6:$E$125,MATCH($B18&"|"&J$7,Schedule!$R$6:$R$125,0)),""),"")))) | ... R18: =IF(OR($B18="",R$7=""),"",IF($B18=R$7,"—",IFERROR(IF(INDEX(Schedule!$P$6:$P$125,MATCH($B18&"|"&R$7,Schedule!$Q$6:$Q$125,0))=1,INDEX(Schedule!$E$6:$E$125,MATCH($B18&"|"&R$7,Schedule!$Q$6:$Q$125,0))&"–"&INDEX(Schedule!$F$6:$F$125,MATCH($B18&"|"&R$7,Schedule!$Q$6:$Q$125,0)),""),IFERROR(IF(INDEX(Schedule!$P$6:$P$125,MATCH($B18&"|"&R$7,Schedule!$R$6:$R$125,0))=1,INDEX(Schedule!$F$6:$F$125,MATCH($B18&"|"&R$7,Schedule!$R$6:$R$125,0))&"–"&INDEX(Schedule!$E$6:$E$125,MATCH($B18&"|"&R$7,Schedule!$R$6:$R$125,0)),""),""))))
B19: =IF(Setup!$C$27="","",Setup!$C$27) | C19: =IF(OR($B19="",C$7=""),"",IF($B19=C$7,"—",IFERROR(IF(INDEX(Schedule!$P$6:$P$125,MATCH($B19&"|"&C$7,Schedule!$Q$6:$Q$125,0))=1,INDEX(Schedule!$E$6:$E$125,MATCH($B19&"|"&C$7,Schedule!$Q$6:$Q$125,0))&"–"&INDEX(Schedule!$F$6:$F$125,MATCH($B19&"|"&C$7,Schedule!$Q$6:$Q$125,0)),""),IFERROR(IF(INDEX(Schedule!$P$6:$P$125,MATCH($B19&"|"&C$7,Schedule!$R$6:$R$125,0))=1,INDEX(Schedule!$F$6:$F$125,MATCH($B19&"|"&C$7,Schedule!$R$6:$R$125,0))&"–"&INDEX(Schedule!$E$6:$E$125,MATCH($B19&"|"&C$7,Schedule!$R$6:$R$125,0)),""),"")))) | D19: =IF(OR($B19="",D$7=""),"",IF($B19=D$7,"—",IFERROR(IF(INDEX(Schedule!$P$6:$P$125,MATCH($B19&"|"&D$7,Schedule!$Q$6:$Q$125,0))=1,INDEX(Schedule!$E$6:$E$125,MATCH($B19&"|"&D$7,Schedule!$Q$6:$Q$125,0))&"–"&INDEX(Schedule!$F$6:$F$125,MATCH($B19&"|"&D$7,Schedule!$Q$6:$Q$125,0)),""),IFERROR(IF(INDEX(Schedule!$P$6:$P$125,MATCH($B19&"|"&D$7,Schedule!$R$6:$R$125,0))=1,INDEX(Schedule!$F$6:$F$125,MATCH($B19&"|"&D$7,Schedule!$R$6:$R$125,0))&"–"&INDEX(Schedule!$E$6:$E$125,MATCH($B19&"|"&D$7,Schedule!$R$6:$R$125,0)),""),"")))) | E19: =IF(OR($B19="",E$7=""),"",IF($B19=E$7,"—",IFERROR(IF(INDEX(Schedule!$P$6:$P$125,MATCH($B19&"|"&E$7,Schedule!$Q$6:$Q$125,0))=1,INDEX(Schedule!$E$6:$E$125,MATCH($B19&"|"&E$7,Schedule!$Q$6:$Q$125,0))&"–"&INDEX(Schedule!$F$6:$F$125,MATCH($B19&"|"&E$7,Schedule!$Q$6:$Q$125,0)),""),IFERROR(IF(INDEX(Schedule!$P$6:$P$125,MATCH($B19&"|"&E$7,Schedule!$R$6:$R$125,0))=1,INDEX(Schedule!$F$6:$F$125,MATCH($B19&"|"&E$7,Schedule!$R$6:$R$125,0))&"–"&INDEX(Schedule!$E$6:$E$125,MATCH($B19&"|"&E$7,Schedule!$R$6:$R$125,0)),""),"")))) | F19: =IF(OR($B19="",F$7=""),"",IF($B19=F$7,"—",IFERROR(IF(INDEX(Schedule!$P$6:$P$125,MATCH($B19&"|"&F$7,Schedule!$Q$6:$Q$125,0))=1,INDEX(Schedule!$E$6:$E$125,MATCH($B19&"|"&F$7,Schedule!$Q$6:$Q$125,0))&"–"&INDEX(Schedule!$F$6:$F$125,MATCH($B19&"|"&F$7,Schedule!$Q$6:$Q$125,0)),""),IFERROR(IF(INDEX(Schedule!$P$6:$P$125,MATCH($B19&"|"&F$7,Schedule!$R$6:$R$125,0))=1,INDEX(Schedule!$F$6:$F$125,MATCH($B19&"|"&F$7,Schedule!$R$6:$R$125,0))&"–"&INDEX(Schedule!$E$6:$E$125,MATCH($B19&"|"&F$7,Schedule!$R$6:$R$125,0)),""),"")))) | G19: =IF(OR($B19="",G$7=""),"",IF($B19=G$7,"—",IFERROR(IF(INDEX(Schedule!$P$6:$P$125,MATCH($B19&"|"&G$7,Schedule!$Q$6:$Q$125,0))=1,INDEX(Schedule!$E$6:$E$125,MATCH($B19&"|"&G$7,Schedule!$Q$6:$Q$125,0))&"–"&INDEX(Schedule!$F$6:$F$125,MATCH($B19&"|"&G$7,Schedule!$Q$6:$Q$125,0)),""),IFERROR(IF(INDEX(Schedule!$P$6:$P$125,MATCH($B19&"|"&G$7,Schedule!$R$6:$R$125,0))=1,INDEX(Schedule!$F$6:$F$125,MATCH($B19&"|"&G$7,Schedule!$R$6:$R$125,0))&"–"&INDEX(Schedule!$E$6:$E$125,MATCH($B19&"|"&G$7,Schedule!$R$6:$R$125,0)),""),"")))) | H19: =IF(OR($B19="",H$7=""),"",IF($B19=H$7,"—",IFERROR(IF(INDEX(Schedule!$P$6:$P$125,MATCH($B19&"|"&H$7,Schedule!$Q$6:$Q$125,0))=1,INDEX(Schedule!$E$6:$E$125,MATCH($B19&"|"&H$7,Schedule!$Q$6:$Q$125,0))&"–"&INDEX(Schedule!$F$6:$F$125,MATCH($B19&"|"&H$7,Schedule!$Q$6:$Q$125,0)),""),IFERROR(IF(INDEX(Schedule!$P$6:$P$125,MATCH($B19&"|"&H$7,Schedule!$R$6:$R$125,0))=1,INDEX(Schedule!$F$6:$F$125,MATCH($B19&"|"&H$7,Schedule!$R$6:$R$125,0))&"–"&INDEX(Schedule!$E$6:$E$125,MATCH($B19&"|"&H$7,Schedule!$R$6:$R$125,0)),""),"")))) | I19: =IF(OR($B19="",I$7=""),"",IF($B19=I$7,"—",IFERROR(IF(INDEX(Schedule!$P$6:$P$125,MATCH($B19&"|"&I$7,Schedule!$Q$6:$Q$125,0))=1,INDEX(Schedule!$E$6:$E$125,MATCH($B19&"|"&I$7,Schedule!$Q$6:$Q$125,0))&"–"&INDEX(Schedule!$F$6:$F$125,MATCH($B19&"|"&I$7,Schedule!$Q$6:$Q$125,0)),""),IFERROR(IF(INDEX(Schedule!$P$6:$P$125,MATCH($B19&"|"&I$7,Schedule!$R$6:$R$125,0))=1,INDEX(Schedule!$F$6:$F$125,MATCH($B19&"|"&I$7,Schedule!$R$6:$R$125,0))&"–"&INDEX(Schedule!$E$6:$E$125,MATCH($B19&"|"&I$7,Schedule!$R$6:$R$125,0)),""),"")))) | J19: =IF(OR($B19="",J$7=""),"",IF($B19=J$7,"—",IFERROR(IF(INDEX(Schedule!$P$6:$P$125,MATCH($B19&"|"&J$7,Schedule!$Q$6:$Q$125,0))=1,INDEX(Schedule!$E$6:$E$125,MATCH($B19&"|"&J$7,Schedule!$Q$6:$Q$125,0))&"–"&INDEX(Schedule!$F$6:$F$125,MATCH($B19&"|"&J$7,Schedule!$Q$6:$Q$125,0)),""),IFERROR(IF(INDEX(Schedule!$P$6:$P$125,MATCH($B19&"|"&J$7,Schedule!$R$6:$R$125,0))=1,INDEX(Schedule!$F$6:$F$125,MATCH($B19&"|"&J$7,Schedule!$R$6:$R$125,0))&"–"&INDEX(Schedule!$E$6:$E$125,MATCH($B19&"|"&J$7,Schedule!$R$6:$R$125,0)),""),"")))) | ... R19: =IF(OR($B19="",R$7=""),"",IF($B19=R$7,"—",IFERROR(IF(INDEX(Schedule!$P$6:$P$125,MATCH($B19&"|"&R$7,Schedule!$Q$6:$Q$125,0))=1,INDEX(Schedule!$E$6:$E$125,MATCH($B19&"|"&R$7,Schedule!$Q$6:$Q$125,0))&"–"&INDEX(Schedule!$F$6:$F$125,MATCH($B19&"|"&R$7,Schedule!$Q$6:$Q$125,0)),""),IFERROR(IF(INDEX(Schedule!$P$6:$P$125,MATCH($B19&"|"&R$7,Schedule!$R$6:$R$125,0))=1,INDEX(Schedule!$F$6:$F$125,MATCH($B19&"|"&R$7,Schedule!$R$6:$R$125,0))&"–"&INDEX(Schedule!$E$6:$E$125,MATCH($B19&"|"&R$7,Schedule!$R$6:$R$125,0)),""),""))))
B20: =IF(Setup!$C$28="","",Setup!$C$28) | C20: =IF(OR($B20="",C$7=""),"",IF($B20=C$7,"—",IFERROR(IF(INDEX(Schedule!$P$6:$P$125,MATCH($B20&"|"&C$7,Schedule!$Q$6:$Q$125,0))=1,INDEX(Schedule!$E$6:$E$125,MATCH($B20&"|"&C$7,Schedule!$Q$6:$Q$125,0))&"–"&INDEX(Schedule!$F$6:$F$125,MATCH($B20&"|"&C$7,Schedule!$Q$6:$Q$125,0)),""),IFERROR(IF(INDEX(Schedule!$P$6:$P$125,MATCH($B20&"|"&C$7,Schedule!$R$6:$R$125,0))=1,INDEX(Schedule!$F$6:$F$125,MATCH($B20&"|"&C$7,Schedule!$R$6:$R$125,0))&"–"&INDEX(Schedule!$E$6:$E$125,MATCH($B20&"|"&C$7,Schedule!$R$6:$R$125,0)),""),"")))) | D20: =IF(OR($B20="",D$7=""),"",IF($B20=D$7,"—",IFERROR(IF(INDEX(Schedule!$P$6:$P$125,MATCH($B20&"|"&D$7,Schedule!$Q$6:$Q$125,0))=1,INDEX(Schedule!$E$6:$E$125,MATCH($B20&"|"&D$7,Schedule!$Q$6:$Q$125,0))&"–"&INDEX(Schedule!$F$6:$F$125,MATCH($B20&"|"&D$7,Schedule!$Q$6:$Q$125,0)),""),IFERROR(IF(INDEX(Schedule!$P$6:$P$125,MATCH($B20&"|"&D$7,Schedule!$R$6:$R$125,0))=1,INDEX(Schedule!$F$6:$F$125,MATCH($B20&"|"&D$7,Schedule!$R$6:$R$125,0))&"–"&INDEX(Schedule!$E$6:$E$125,MATCH($B20&"|"&D$7,Schedule!$R$6:$R$125,0)),""),"")))) | E20: =IF(OR($B20="",E$7=""),"",IF($B20=E$7,"—",IFERROR(IF(INDEX(Schedule!$P$6:$P$125,MATCH($B20&"|"&E$7,Schedule!$Q$6:$Q$125,0))=1,INDEX(Schedule!$E$6:$E$125,MATCH($B20&"|"&E$7,Schedule!$Q$6:$Q$125,0))&"–"&INDEX(Schedule!$F$6:$F$125,MATCH($B20&"|"&E$7,Schedule!$Q$6:$Q$125,0)),""),IFERROR(IF(INDEX(Schedule!$P$6:$P$125,MATCH($B20&"|"&E$7,Schedule!$R$6:$R$125,0))=1,INDEX(Schedule!$F$6:$F$125,MATCH($B20&"|"&E$7,Schedule!$R$6:$R$125,0))&"–"&INDEX(Schedule!$E$6:$E$125,MATCH($B20&"|"&E$7,Schedule!$R$6:$R$125,0)),""),"")))) | F20: =IF(OR($B20="",F$7=""),"",IF($B20=F$7,"—",IFERROR(IF(INDEX(Schedule!$P$6:$P$125,MATCH($B20&"|"&F$7,Schedule!$Q$6:$Q$125,0))=1,INDEX(Schedule!$E$6:$E$125,MATCH($B20&"|"&F$7,Schedule!$Q$6:$Q$125,0))&"–"&INDEX(Schedule!$F$6:$F$125,MATCH($B20&"|"&F$7,Schedule!$Q$6:$Q$125,0)),""),IFERROR(IF(INDEX(Schedule!$P$6:$P$125,MATCH($B20&"|"&F$7,Schedule!$R$6:$R$125,0))=1,INDEX(Schedule!$F$6:$F$125,MATCH($B20&"|"&F$7,Schedule!$R$6:$R$125,0))&"–"&INDEX(Schedule!$E$6:$E$125,MATCH($B20&"|"&F$7,Schedule!$R$6:$R$125,0)),""),"")))) | G20: =IF(OR($B20="",G$7=""),"",IF($B20=G$7,"—",IFERROR(IF(INDEX(Schedule!$P$6:$P$125,MATCH($B20&"|"&G$7,Schedule!$Q$6:$Q$125,0))=1,INDEX(Schedule!$E$6:$E$125,MATCH($B20&"|"&G$7,Schedule!$Q$6:$Q$125,0))&"–"&INDEX(Schedule!$F$6:$F$125,MATCH($B20&"|"&G$7,Schedule!$Q$6:$Q$125,0)),""),IFERROR(IF(INDEX(Schedule!$P$6:$P$125,MATCH($B20&"|"&G$7,Schedule!$R$6:$R$125,0))=1,INDEX(Schedule!$F$6:$F$125,MATCH($B20&"|"&G$7,Schedule!$R$6:$R$125,0))&"–"&INDEX(Schedule!$E$6:$E$125,MATCH($B20&"|"&G$7,Schedule!$R$6:$R$125,0)),""),"")))) | H20: =IF(OR($B20="",H$7=""),"",IF($B20=H$7,"—",IFERROR(IF(INDEX(Schedule!$P$6:$P$125,MATCH($B20&"|"&H$7,Schedule!$Q$6:$Q$125,0))=1,INDEX(Schedule!$E$6:$E$125,MATCH($B20&"|"&H$7,Schedule!$Q$6:$Q$125,0))&"–"&INDEX(Schedule!$F$6:$F$125,MATCH($B20&"|"&H$7,Schedule!$Q$6:$Q$125,0)),""),IFERROR(IF(INDEX(Schedule!$P$6:$P$125,MATCH($B20&"|"&H$7,Schedule!$R$6:$R$125,0))=1,INDEX(Schedule!$F$6:$F$125,MATCH($B20&"|"&H$7,Schedule!$R$6:$R$125,0))&"–"&INDEX(Schedule!$E$6:$E$125,MATCH($B20&"|"&H$7,Schedule!$R$6:$R$125,0)),""),"")))) | I20: =IF(OR($B20="",I$7=""),"",IF($B20=I$7,"—",IFERROR(IF(INDEX(Schedule!$P$6:$P$125,MATCH($B20&"|"&I$7,Schedule!$Q$6:$Q$125,0))=1,INDEX(Schedule!$E$6:$E$125,MATCH($B20&"|"&I$7,Schedule!$Q$6:$Q$125,0))&"–"&INDEX(Schedule!$F$6:$F$125,MATCH($B20&"|"&I$7,Schedule!$Q$6:$Q$125,0)),""),IFERROR(IF(INDEX(Schedule!$P$6:$P$125,MATCH($B20&"|"&I$7,Schedule!$R$6:$R$125,0))=1,INDEX(Schedule!$F$6:$F$125,MATCH($B20&"|"&I$7,Schedule!$R$6:$R$125,0))&"–"&INDEX(Schedule!$E$6:$E$125,MATCH($B20&"|"&I$7,Schedule!$R$6:$R$125,0)),""),"")))) | J20: =IF(OR($B20="",J$7=""),"",IF($B20=J$7,"—",IFERROR(IF(INDEX(Schedule!$P$6:$P$125,MATCH($B20&"|"&J$7,Schedule!$Q$6:$Q$125,0))=1,INDEX(Schedule!$E$6:$E$125,MATCH($B20&"|"&J$7,Schedule!$Q$6:$Q$125,0))&"–"&INDEX(Schedule!$F$6:$F$125,MATCH($B20&"|"&J$7,Schedule!$Q$6:$Q$125,0)),""),IFERROR(IF(INDEX(Schedule!$P$6:$P$125,MATCH($B20&"|"&J$7,Schedule!$R$6:$R$125,0))=1,INDEX(Schedule!$F$6:$F$125,MATCH($B20&"|"&J$7,Schedule!$R$6:$R$125,0))&"–"&INDEX(Schedule!$E$6:$E$125,MATCH($B20&"|"&J$7,Schedule!$R$6:$R$125,0)),""),"")))) | ... R20: =IF(OR($B20="",R$7=""),"",IF($B20=R$7,"—",IFERROR(IF(INDEX(Schedule!$P$6:$P$125,MATCH($B20&"|"&R$7,Schedule!$Q$6:$Q$125,0))=1,INDEX(Schedule!$E$6:$E$125,MATCH($B20&"|"&R$7,Schedule!$Q$6:$Q$125,0))&"–"&INDEX(Schedule!$F$6:$F$125,MATCH($B20&"|"&R$7,Schedule!$Q$6:$Q$125,0)),""),IFERROR(IF(INDEX(Schedule!$P$6:$P$125,MATCH($B20&"|"&R$7,Schedule!$R$6:$R$125,0))=1,INDEX(Schedule!$F$6:$F$125,MATCH($B20&"|"&R$7,Schedule!$R$6:$R$125,0))&"–"&INDEX(Schedule!$E$6:$E$125,MATCH($B20&"|"&R$7,Schedule!$R$6:$R$125,0)),""),""))))
B21: =IF(Setup!$C$29="","",Setup!$C$29) | C21: =IF(OR($B21="",C$7=""),"",IF($B21=C$7,"—",IFERROR(IF(INDEX(Schedule!$P$6:$P$125,MATCH($B21&"|"&C$7,Schedule!$Q$6:$Q$125,0))=1,INDEX(Schedule!$E$6:$E$125,MATCH($B21&"|"&C$7,Schedule!$Q$6:$Q$125,0))&"–"&INDEX(Schedule!$F$6:$F$125,MATCH($B21&"|"&C$7,Schedule!$Q$6:$Q$125,0)),""),IFERROR(IF(INDEX(Schedule!$P$6:$P$125,MATCH($B21&"|"&C$7,Schedule!$R$6:$R$125,0))=1,INDEX(Schedule!$F$6:$F$125,MATCH($B21&"|"&C$7,Schedule!$R$6:$R$125,0))&"–"&INDEX(Schedule!$E$6:$E$125,MATCH($B21&"|"&C$7,Schedule!$R$6:$R$125,0)),""),"")))) | D21: =IF(OR($B21="",D$7=""),"",IF($B21=D$7,"—",IFERROR(IF(INDEX(Schedule!$P$6:$P$125,MATCH($B21&"|"&D$7,Schedule!$Q$6:$Q$125,0))=1,INDEX(Schedule!$E$6:$E$125,MATCH($B21&"|"&D$7,Schedule!$Q$6:$Q$125,0))&"–"&INDEX(Schedule!$F$6:$F$125,MATCH($B21&"|"&D$7,Schedule!$Q$6:$Q$125,0)),""),IFERROR(IF(INDEX(Schedule!$P$6:$P$125,MATCH($B21&"|"&D$7,Schedule!$R$6:$R$125,0))=1,INDEX(Schedule!$F$6:$F$125,MATCH($B21&"|"&D$7,Schedule!$R$6:$R$125,0))&"–"&INDEX(Schedule!$E$6:$E$125,MATCH($B21&"|"&D$7,Schedule!$R$6:$R$125,0)),""),"")))) | E21: =IF(OR($B21="",E$7=""),"",IF($B21=E$7,"—",IFERROR(IF(INDEX(Schedule!$P$6:$P$125,MATCH($B21&"|"&E$7,Schedule!$Q$6:$Q$125,0))=1,INDEX(Schedule!$E$6:$E$125,MATCH($B21&"|"&E$7,Schedule!$Q$6:$Q$125,0))&"–"&INDEX(Schedule!$F$6:$F$125,MATCH($B21&"|"&E$7,Schedule!$Q$6:$Q$125,0)),""),IFERROR(IF(INDEX(Schedule!$P$6:$P$125,MATCH($B21&"|"&E$7,Schedule!$R$6:$R$125,0))=1,INDEX(Schedule!$F$6:$F$125,MATCH($B21&"|"&E$7,Schedule!$R$6:$R$125,0))&"–"&INDEX(Schedule!$E$6:$E$125,MATCH($B21&"|"&E$7,Schedule!$R$6:$R$125,0)),""),"")))) | F21: =IF(OR($B21="",F$7=""),"",IF($B21=F$7,"—",IFERROR(IF(INDEX(Schedule!$P$6:$P$125,MATCH($B21&"|"&F$7,Schedule!$Q$6:$Q$125,0))=1,INDEX(Schedule!$E$6:$E$125,MATCH($B21&"|"&F$7,Schedule!$Q$6:$Q$125,0))&"–"&INDEX(Schedule!$F$6:$F$125,MATCH($B21&"|"&F$7,Schedule!$Q$6:$Q$125,0)),""),IFERROR(IF(INDEX(Schedule!$P$6:$P$125,MATCH($B21&"|"&F$7,Schedule!$R$6:$R$125,0))=1,INDEX(Schedule!$F$6:$F$125,MATCH($B21&"|"&F$7,Schedule!$R$6:$R$125,0))&"–"&INDEX(Schedule!$E$6:$E$125,MATCH($B21&"|"&F$7,Schedule!$R$6:$R$125,0)),""),"")))) | G21: =IF(OR($B21="",G$7=""),"",IF($B21=G$7,"—",IFERROR(IF(INDEX(Schedule!$P$6:$P$125,MATCH($B21&"|"&G$7,Schedule!$Q$6:$Q$125,0))=1,INDEX(Schedule!$E$6:$E$125,MATCH($B21&"|"&G$7,Schedule!$Q$6:$Q$125,0))&"–"&INDEX(Schedule!$F$6:$F$125,MATCH($B21&"|"&G$7,Schedule!$Q$6:$Q$125,0)),""),IFERROR(IF(INDEX(Schedule!$P$6:$P$125,MATCH($B21&"|"&G$7,Schedule!$R$6:$R$125,0))=1,INDEX(Schedule!$F$6:$F$125,MATCH($B21&"|"&G$7,Schedule!$R$6:$R$125,0))&"–"&INDEX(Schedule!$E$6:$E$125,MATCH($B21&"|"&G$7,Schedule!$R$6:$R$125,0)),""),"")))) | H21: =IF(OR($B21="",H$7=""),"",IF($B21=H$7,"—",IFERROR(IF(INDEX(Schedule!$P$6:$P$125,MATCH($B21&"|"&H$7,Schedule!$Q$6:$Q$125,0))=1,INDEX(Schedule!$E$6:$E$125,MATCH($B21&"|"&H$7,Schedule!$Q$6:$Q$125,0))&"–"&INDEX(Schedule!$F$6:$F$125,MATCH($B21&"|"&H$7,Schedule!$Q$6:$Q$125,0)),""),IFERROR(IF(INDEX(Schedule!$P$6:$P$125,MATCH($B21&"|"&H$7,Schedule!$R$6:$R$125,0))=1,INDEX(Schedule!$F$6:$F$125,MATCH($B21&"|"&H$7,Schedule!$R$6:$R$125,0))&"–"&INDEX(Schedule!$E$6:$E$125,MATCH($B21&"|"&H$7,Schedule!$R$6:$R$125,0)),""),"")))) | I21: =IF(OR($B21="",I$7=""),"",IF($B21=I$7,"—",IFERROR(IF(INDEX(Schedule!$P$6:$P$125,MATCH($B21&"|"&I$7,Schedule!$Q$6:$Q$125,0))=1,INDEX(Schedule!$E$6:$E$125,MATCH($B21&"|"&I$7,Schedule!$Q$6:$Q$125,0))&"–"&INDEX(Schedule!$F$6:$F$125,MATCH($B21&"|"&I$7,Schedule!$Q$6:$Q$125,0)),""),IFERROR(IF(INDEX(Schedule!$P$6:$P$125,MATCH($B21&"|"&I$7,Schedule!$R$6:$R$125,0))=1,INDEX(Schedule!$F$6:$F$125,MATCH($B21&"|"&I$7,Schedule!$R$6:$R$125,0))&"–"&INDEX(Schedule!$E$6:$E$125,MATCH($B21&"|"&I$7,Schedule!$R$6:$R$125,0)),""),"")))) | J21: =IF(OR($B21="",J$7=""),"",IF($B21=J$7,"—",IFERROR(IF(INDEX(Schedule!$P$6:$P$125,MATCH($B21&"|"&J$7,Schedule!$Q$6:$Q$125,0))=1,INDEX(Schedule!$E$6:$E$125,MATCH($B21&"|"&J$7,Schedule!$Q$6:$Q$125,0))&"–"&INDEX(Schedule!$F$6:$F$125,MATCH($B21&"|"&J$7,Schedule!$Q$6:$Q$125,0)),""),IFERROR(IF(INDEX(Schedule!$P$6:$P$125,MATCH($B21&"|"&J$7,Schedule!$R$6:$R$125,0))=1,INDEX(Schedule!$F$6:$F$125,MATCH($B21&"|"&J$7,Schedule!$R$6:$R$125,0))&"–"&INDEX(Schedule!$E$6:$E$125,MATCH($B21&"|"&J$7,Schedule!$R$6:$R$125,0)),""),"")))) | ... R21: =IF(OR($B21="",R$7=""),"",IF($B21=R$7,"—",IFERROR(IF(INDEX(Schedule!$P$6:$P$125,MATCH($B21&"|"&R$7,Schedule!$Q$6:$Q$125,0))=1,INDEX(Schedule!$E$6:$E$125,MATCH($B21&"|"&R$7,Schedule!$Q$6:$Q$125,0))&"–"&INDEX(Schedule!$F$6:$F$125,MATCH($B21&"|"&R$7,Schedule!$Q$6:$Q$125,0)),""),IFERROR(IF(INDEX(Schedule!$P$6:$P$125,MATCH($B21&"|"&R$7,Schedule!$R$6:$R$125,0))=1,INDEX(Schedule!$F$6:$F$125,MATCH($B21&"|"&R$7,Schedule!$R$6:$R$125,0))&"–"&INDEX(Schedule!$E$6:$E$125,MATCH($B21&"|"&R$7,Schedule!$R$6:$R$125,0)),""),""))))
B22: =IF(Setup!$C$30="","",Setup!$C$30) | C22: =IF(OR($B22="",C$7=""),"",IF($B22=C$7,"—",IFERROR(IF(INDEX(Schedule!$P$6:$P$125,MATCH($B22&"|"&C$7,Schedule!$Q$6:$Q$125,0))=1,INDEX(Schedule!$E$6:$E$125,MATCH($B22&"|"&C$7,Schedule!$Q$6:$Q$125,0))&"–"&INDEX(Schedule!$F$6:$F$125,MATCH($B22&"|"&C$7,Schedule!$Q$6:$Q$125,0)),""),IFERROR(IF(INDEX(Schedule!$P$6:$P$125,MATCH($B22&"|"&C$7,Schedule!$R$6:$R$125,0))=1,INDEX(Schedule!$F$6:$F$125,MATCH($B22&"|"&C$7,Schedule!$R$6:$R$125,0))&"–"&INDEX(Schedule!$E$6:$E$125,MATCH($B22&"|"&C$7,Schedule!$R$6:$R$125,0)),""),"")))) | D22: =IF(OR($B22="",D$7=""),"",IF($B22=D$7,"—",IFERROR(IF(INDEX(Schedule!$P$6:$P$125,MATCH($B22&"|"&D$7,Schedule!$Q$6:$Q$125,0))=1,INDEX(Schedule!$E$6:$E$125,MATCH($B22&"|"&D$7,Schedule!$Q$6:$Q$125,0))&"–"&INDEX(Schedule!$F$6:$F$125,MATCH($B22&"|"&D$7,Schedule!$Q$6:$Q$125,0)),""),IFERROR(IF(INDEX(Schedule!$P$6:$P$125,MATCH($B22&"|"&D$7,Schedule!$R$6:$R$125,0))=1,INDEX(Schedule!$F$6:$F$125,MATCH($B22&"|"&D$7,Schedule!$R$6:$R$125,0))&"–"&INDEX(Schedule!$E$6:$E$125,MATCH($B22&"|"&D$7,Schedule!$R$6:$R$125,0)),""),"")))) | E22: =IF(OR($B22="",E$7=""),"",IF($B22=E$7,"—",IFERROR(IF(INDEX(Schedule!$P$6:$P$125,MATCH($B22&"|"&E$7,Schedule!$Q$6:$Q$125,0))=1,INDEX(Schedule!$E$6:$E$125,MATCH($B22&"|"&E$7,Schedule!$Q$6:$Q$125,0))&"–"&INDEX(Schedule!$F$6:$F$125,MATCH($B22&"|"&E$7,Schedule!$Q$6:$Q$125,0)),""),IFERROR(IF(INDEX(Schedule!$P$6:$P$125,MATCH($B22&"|"&E$7,Schedule!$R$6:$R$125,0))=1,INDEX(Schedule!$F$6:$F$125,MATCH($B22&"|"&E$7,Schedule!$R$6:$R$125,0))&"–"&INDEX(Schedule!$E$6:$E$125,MATCH($B22&"|"&E$7,Schedule!$R$6:$R$125,0)),""),"")))) | F22: =IF(OR($B22="",F$7=""),"",IF($B22=F$7,"—",IFERROR(IF(INDEX(Schedule!$P$6:$P$125,MATCH($B22&"|"&F$7,Schedule!$Q$6:$Q$125,0))=1,INDEX(Schedule!$E$6:$E$125,MATCH($B22&"|"&F$7,Schedule!$Q$6:$Q$125,0))&"–"&INDEX(Schedule!$F$6:$F$125,MATCH($B22&"|"&F$7,Schedule!$Q$6:$Q$125,0)),""),IFERROR(IF(INDEX(Schedule!$P$6:$P$125,MATCH($B22&"|"&F$7,Schedule!$R$6:$R$125,0))=1,INDEX(Schedule!$F$6:$F$125,MATCH($B22&"|"&F$7,Schedule!$R$6:$R$125,0))&"–"&INDEX(Schedule!$E$6:$E$125,MATCH($B22&"|"&F$7,Schedule!$R$6:$R$125,0)),""),"")))) | G22: =IF(OR($B22="",G$7=""),"",IF($B22=G$7,"—",IFERROR(IF(INDEX(Schedule!$P$6:$P$125,MATCH($B22&"|"&G$7,Schedule!$Q$6:$Q$125,0))=1,INDEX(Schedule!$E$6:$E$125,MATCH($B22&"|"&G$7,Schedule!$Q$6:$Q$125,0))&"–"&INDEX(Schedule!$F$6:$F$125,MATCH($B22&"|"&G$7,Schedule!$Q$6:$Q$125,0)),""),IFERROR(IF(INDEX(Schedule!$P$6:$P$125,MATCH($B22&"|"&G$7,Schedule!$R$6:$R$125,0))=1,INDEX(Schedule!$F$6:$F$125,MATCH($B22&"|"&G$7,Schedule!$R$6:$R$125,0))&"–"&INDEX(Schedule!$E$6:$E$125,MATCH($B22&"|"&G$7,Schedule!$R$6:$R$125,0)),""),"")))) | H22: =IF(OR($B22="",H$7=""),"",IF($B22=H$7,"—",IFERROR(IF(INDEX(Schedule!$P$6:$P$125,MATCH($B22&"|"&H$7,Schedule!$Q$6:$Q$125,0))=1,INDEX(Schedule!$E$6:$E$125,MATCH($B22&"|"&H$7,Schedule!$Q$6:$Q$125,0))&"–"&INDEX(Schedule!$F$6:$F$125,MATCH($B22&"|"&H$7,Schedule!$Q$6:$Q$125,0)),""),IFERROR(IF(INDEX(Schedule!$P$6:$P$125,MATCH($B22&"|"&H$7,Schedule!$R$6:$R$125,0))=1,INDEX(Schedule!$F$6:$F$125,MATCH($B22&"|"&H$7,Schedule!$R$6:$R$125,0))&"–"&INDEX(Schedule!$E$6:$E$125,MATCH($B22&"|"&H$7,Schedule!$R$6:$R$125,0)),""),"")))) | I22: =IF(OR($B22="",I$7=""),"",IF($B22=I$7,"—",IFERROR(IF(INDEX(Schedule!$P$6:$P$125,MATCH($B22&"|"&I$7,Schedule!$Q$6:$Q$125,0))=1,INDEX(Schedule!$E$6:$E$125,MATCH($B22&"|"&I$7,Schedule!$Q$6:$Q$125,0))&"–"&INDEX(Schedule!$F$6:$F$125,MATCH($B22&"|"&I$7,Schedule!$Q$6:$Q$125,0)),""),IFERROR(IF(INDEX(Schedule!$P$6:$P$125,MATCH($B22&"|"&I$7,Schedule!$R$6:$R$125,0))=1,INDEX(Schedule!$F$6:$F$125,MATCH($B22&"|"&I$7,Schedule!$R$6:$R$125,0))&"–"&INDEX(Schedule!$E$6:$E$125,MATCH($B22&"|"&I$7,Schedule!$R$6:$R$125,0)),""),"")))) | J22: =IF(OR($B22="",J$7=""),"",IF($B22=J$7,"—",IFERROR(IF(INDEX(Schedule!$P$6:$P$125,MATCH($B22&"|"&J$7,Schedule!$Q$6:$Q$125,0))=1,INDEX(Schedule!$E$6:$E$125,MATCH($B22&"|"&J$7,Schedule!$Q$6:$Q$125,0))&"–"&INDEX(Schedule!$F$6:$F$125,MATCH($B22&"|"&J$7,Schedule!$Q$6:$Q$125,0)),""),IFERROR(IF(INDEX(Schedule!$P$6:$P$125,MATCH($B22&"|"&J$7,Schedule!$R$6:$R$125,0))=1,INDEX(Schedule!$F$6:$F$125,MATCH($B22&"|"&J$7,Schedule!$R$6:$R$125,0))&"–"&INDEX(Schedule!$E$6:$E$125,MATCH($B22&"|"&J$7,Schedule!$R$6:$R$125,0)),""),"")))) | ... R22: =IF(OR($B22="",R$7=""),"",IF($B22=R$7,"—",IFERROR(IF(INDEX(Schedule!$P$6:$P$125,MATCH($B22&"|"&R$7,Schedule!$Q$6:$Q$125,0))=1,INDEX(Schedule!$E$6:$E$125,MATCH($B22&"|"&R$7,Schedule!$Q$6:$Q$125,0))&"–"&INDEX(Schedule!$F$6:$F$125,MATCH($B22&"|"&R$7,Schedule!$Q$6:$Q$125,0)),""),IFERROR(IF(INDEX(Schedule!$P$6:$P$125,MATCH($B22&"|"&R$7,Schedule!$R$6:$R$125,0))=1,INDEX(Schedule!$F$6:$F$125,MATCH($B22&"|"&R$7,Schedule!$R$6:$R$125,0))&"–"&INDEX(Schedule!$E$6:$E$125,MATCH($B22&"|"&R$7,Schedule!$R$6:$R$125,0)),""),""))))
B23: =IF(Setup!$C$31="","",Setup!$C$31) | C23: =IF(OR($B23="",C$7=""),"",IF($B23=C$7,"—",IFERROR(IF(INDEX(Schedule!$P$6:$P$125,MATCH($B23&"|"&C$7,Schedule!$Q$6:$Q$125,0))=1,INDEX(Schedule!$E$6:$E$125,MATCH($B23&"|"&C$7,Schedule!$Q$6:$Q$125,0))&"–"&INDEX(Schedule!$F$6:$F$125,MATCH($B23&"|"&C$7,Schedule!$Q$6:$Q$125,0)),""),IFERROR(IF(INDEX(Schedule!$P$6:$P$125,MATCH($B23&"|"&C$7,Schedule!$R$6:$R$125,0))=1,INDEX(Schedule!$F$6:$F$125,MATCH($B23&"|"&C$7,Schedule!$R$6:$R$125,0))&"–"&INDEX(Schedule!$E$6:$E$125,MATCH($B23&"|"&C$7,Schedule!$R$6:$R$125,0)),""),"")))) | D23: =IF(OR($B23="",D$7=""),"",IF($B23=D$7,"—",IFERROR(IF(INDEX(Schedule!$P$6:$P$125,MATCH($B23&"|"&D$7,Schedule!$Q$6:$Q$125,0))=1,INDEX(Schedule!$E$6:$E$125,MATCH($B23&"|"&D$7,Schedule!$Q$6:$Q$125,0))&"–"&INDEX(Schedule!$F$6:$F$125,MATCH($B23&"|"&D$7,Schedule!$Q$6:$Q$125,0)),""),IFERROR(IF(INDEX(Schedule!$P$6:$P$125,MATCH($B23&"|"&D$7,Schedule!$R$6:$R$125,0))=1,INDEX(Schedule!$F$6:$F$125,MATCH($B23&"|"&D$7,Schedule!$R$6:$R$125,0))&"–"&INDEX(Schedule!$E$6:$E$125,MATCH($B23&"|"&D$7,Schedule!$R$6:$R$125,0)),""),"")))) | E23: =IF(OR($B23="",E$7=""),"",IF($B23=E$7,"—",IFERROR(IF(INDEX(Schedule!$P$6:$P$125,MATCH($B23&"|"&E$7,Schedule!$Q$6:$Q$125,0))=1,INDEX(Schedule!$E$6:$E$125,MATCH($B23&"|"&E$7,Schedule!$Q$6:$Q$125,0))&"–"&INDEX(Schedule!$F$6:$F$125,MATCH($B23&"|"&E$7,Schedule!$Q$6:$Q$125,0)),""),IFERROR(IF(INDEX(Schedule!$P$6:$P$125,MATCH($B23&"|"&E$7,Schedule!$R$6:$R$125,0))=1,INDEX(Schedule!$F$6:$F$125,MATCH($B23&"|"&E$7,Schedule!$R$6:$R$125,0))&"–"&INDEX(Schedule!$E$6:$E$125,MATCH($B23&"|"&E$7,Schedule!$R$6:$R$125,0)),""),"")))) | F23: =IF(OR($B23="",F$7=""),"",IF($B23=F$7,"—",IFERROR(IF(INDEX(Schedule!$P$6:$P$125,MATCH($B23&"|"&F$7,Schedule!$Q$6:$Q$125,0))=1,INDEX(Schedule!$E$6:$E$125,MATCH($B23&"|"&F$7,Schedule!$Q$6:$Q$125,0))&"–"&INDEX(Schedule!$F$6:$F$125,MATCH($B23&"|"&F$7,Schedule!$Q$6:$Q$125,0)),""),IFERROR(IF(INDEX(Schedule!$P$6:$P$125,MATCH($B23&"|"&F$7,Schedule!$R$6:$R$125,0))=1,INDEX(Schedule!$F$6:$F$125,MATCH($B23&"|"&F$7,Schedule!$R$6:$R$125,0))&"–"&INDEX(Schedule!$E$6:$E$125,MATCH($B23&"|"&F$7,Schedule!$R$6:$R$125,0)),""),"")))) | G23: =IF(OR($B23="",G$7=""),"",IF($B23=G$7,"—",IFERROR(IF(INDEX(Schedule!$P$6:$P$125,MATCH($B23&"|"&G$7,Schedule!$Q$6:$Q$125,0))=1,INDEX(Schedule!$E$6:$E$125,MATCH($B23&"|"&G$7,Schedule!$Q$6:$Q$125,0))&"–"&INDEX(Schedule!$F$6:$F$125,MATCH($B23&"|"&G$7,Schedule!$Q$6:$Q$125,0)),""),IFERROR(IF(INDEX(Schedule!$P$6:$P$125,MATCH($B23&"|"&G$7,Schedule!$R$6:$R$125,0))=1,INDEX(Schedule!$F$6:$F$125,MATCH($B23&"|"&G$7,Schedule!$R$6:$R$125,0))&"–"&INDEX(Schedule!$E$6:$E$125,MATCH($B23&"|"&G$7,Schedule!$R$6:$R$125,0)),""),"")))) | H23: =IF(OR($B23="",H$7=""),"",IF($B23=H$7,"—",IFERROR(IF(INDEX(Schedule!$P$6:$P$125,MATCH($B23&"|"&H$7,Schedule!$Q$6:$Q$125,0))=1,INDEX(Schedule!$E$6:$E$125,MATCH($B23&"|"&H$7,Schedule!$Q$6:$Q$125,0))&"–"&INDEX(Schedule!$F$6:$F$125,MATCH($B23&"|"&H$7,Schedule!$Q$6:$Q$125,0)),""),IFERROR(IF(INDEX(Schedule!$P$6:$P$125,MATCH($B23&"|"&H$7,Schedule!$R$6:$R$125,0))=1,INDEX(Schedule!$F$6:$F$125,MATCH($B23&"|"&H$7,Schedule!$R$6:$R$125,0))&"–"&INDEX(Schedule!$E$6:$E$125,MATCH($B23&"|"&H$7,Schedule!$R$6:$R$125,0)),""),"")))) | I23: =IF(OR($B23="",I$7=""),"",IF($B23=I$7,"—",IFERROR(IF(INDEX(Schedule!$P$6:$P$125,MATCH($B23&"|"&I$7,Schedule!$Q$6:$Q$125,0))=1,INDEX(Schedule!$E$6:$E$125,MATCH($B23&"|"&I$7,Schedule!$Q$6:$Q$125,0))&"–"&INDEX(Schedule!$F$6:$F$125,MATCH($B23&"|"&I$7,Schedule!$Q$6:$Q$125,0)),""),IFERROR(IF(INDEX(Schedule!$P$6:$P$125,MATCH($B23&"|"&I$7,Schedule!$R$6:$R$125,0))=1,INDEX(Schedule!$F$6:$F$125,MATCH($B23&"|"&I$7,Schedule!$R$6:$R$125,0))&"–"&INDEX(Schedule!$E$6:$E$125,MATCH($B23&"|"&I$7,Schedule!$R$6:$R$125,0)),""),"")))) | J23: =IF(OR($B23="",J$7=""),"",IF($B23=J$7,"—",IFERROR(IF(INDEX(Schedule!$P$6:$P$125,MATCH($B23&"|"&J$7,Schedule!$Q$6:$Q$125,0))=1,INDEX(Schedule!$E$6:$E$125,MATCH($B23&"|"&J$7,Schedule!$Q$6:$Q$125,0))&"–"&INDEX(Schedule!$F$6:$F$125,MATCH($B23&"|"&J$7,Schedule!$Q$6:$Q$125,0)),""),IFERROR(IF(INDEX(Schedule!$P$6:$P$125,MATCH($B23&"|"&J$7,Schedule!$R$6:$R$125,0))=1,INDEX(Schedule!$F$6:$F$125,MATCH($B23&"|"&J$7,Schedule!$R$6:$R$125,0))&"–"&INDEX(Schedule!$E$6:$E$125,MATCH($B23&"|"&J$7,Schedule!$R$6:$R$125,0)),""),"")))) | ... R23: =IF(OR($B23="",R$7=""),"",IF($B23=R$7,"—",IFERROR(IF(INDEX(Schedule!$P$6:$P$125,MATCH($B23&"|"&R$7,Schedule!$Q$6:$Q$125,0))=1,INDEX(Schedule!$E$6:$E$125,MATCH($B23&"|"&R$7,Schedule!$Q$6:$Q$125,0))&"–"&INDEX(Schedule!$F$6:$F$125,MATCH($B23&"|"&R$7,Schedule!$Q$6:$Q$125,0)),""),IFERROR(IF(INDEX(Schedule!$P$6:$P$125,MATCH($B23&"|"&R$7,Schedule!$R$6:$R$125,0))=1,INDEX(Schedule!$F$6:$F$125,MATCH($B23&"|"&R$7,Schedule!$R$6:$R$125,0))&"–"&INDEX(Schedule!$E$6:$E$125,MATCH($B23&"|"&R$7,Schedule!$R$6:$R$125,0)),""),""))))

Sheet Ladder
B2: Challenge Ladder
B3: STARTING ORDER ON THE LEFT · LIVE LADDER ON THE RIGHT
B6: Start | C6: Player (starting order) | E6: Rank | F6: Player | G6: Challenges won | H6: Challenges lost | I6: Moved
B7: 1 | C7: Olivia | E7: =IF(F7="","",1) -> 1 | F7: =IFERROR(INDEX(Engine!$B$7:$B$26,MATCH(1,Engine!$CY$7:$CY$26,0)),"") -> Marcus | G7: =IF(F7="","",COUNTIFS(Challenges!$D$7:$D$106,F7,Challenges!$F$7:$F$106,"Challenger")+COUNTIFS(Challenges!$E$7:$E$106,F7,Challenges!$F$7:$F$106,"Defender")) -> 1 | H7: =IF(F7="","",COUNTIFS(Challenges!$D$7:$D$106,F7,Challenges!$F$7:$F$106,"Defender")+COUNTIFS(Challenges!$E$7:$E$106,F7,Challenges!$F$7:$F$106,"Challenger")) -> 0 | I7: =IF(F7="","",MATCH(F7,$C$7:$C$26,0)-E7) -> 1
B8: 2 | C8: Marcus | E8: =IF(F8="","",2) -> 2 | F8: =IFERROR(INDEX(Engine!$B$7:$B$26,MATCH(2,Engine!$CY$7:$CY$26,0)),"") -> Olivia | G8: =IF(F8="","",COUNTIFS(Challenges!$D$7:$D$106,F8,Challenges!$F$7:$F$106,"Challenger")+COUNTIFS(Challenges!$E$7:$E$106,F8,Challenges!$F$7:$F$106,"Defender")) -> 0 | H8: =IF(F8="","",COUNTIFS(Challenges!$D$7:$D$106,F8,Challenges!$F$7:$F$106,"Defender")+COUNTIFS(Challenges!$E$7:$E$106,F8,Challenges!$F$7:$F$106,"Challenger")) -> 1 | I8: =IF(F8="","",MATCH(F8,$C$7:$C$26,0)-E8) -> -1
B9: 3 | C9: Priya | E9: =IF(F9="","",3) -> 3 | F9: =IFERROR(INDEX(Engine!$B$7:$B$26,MATCH(3,Engine!$CY$7:$CY$26,0)),"") -> Sofia | G9: =IF(F9="","",COUNTIFS(Challenges!$D$7:$D$106,F9,Challenges!$F$7:$F$106,"Challenger")+COUNTIFS(Challenges!$E$7:$E$106,F9,Challenges!$F$7:$F$106,"Defender")) -> 1 | H9: =IF(F9="","",COUNTIFS(Challenges!$D$7:$D$106,F9,Challenges!$F$7:$F$106,"Defender")+COUNTIFS(Challenges!$E$7:$E$106,F9,Challenges!$F$7:$F$106,"Challenger")) -> 0 | I9: =IF(F9="","",MATCH(F9,$C$7:$C$26,0)-E9) -> 2
B10: 4 | C10: Tom | E10: =IF(F10="","",4) -> 4 | F10: =IFERROR(INDEX(Engine!$B$7:$B$26,MATCH(4,Engine!$CY$7:$CY$26,0)),"") -> Priya | G10: =IF(F10="","",COUNTIFS(Challenges!$D$7:$D$106,F10,Challenges!$F$7:$F$106,"Challenger")+COUNTIFS(Challenges!$E$7:$E$106,F10,Challenges!$F$7:$F$106,"Defender")) -> 0 | H10: =IF(F10="","",COUNTIFS(Challenges!$D$7:$D$106,F10,Challenges!$F$7:$F$106,"Defender")+COUNTIFS(Challenges!$E$7:$E$106,F10,Challenges!$F$7:$F$106,"Challenger")) -> 1 | I10: =IF(F10="","",MATCH(F10,$C$7:$C$26,0)-E10) -> -1
B11: 5 | C11: Sofia | E11: =IF(F11="","",5) -> 5 | F11: =IFERROR(INDEX(Engine!$B$7:$B$26,MATCH(5,Engine!$CY$7:$CY$26,0)),"") -> Tom | G11: =IF(F11="","",COUNTIFS(Challenges!$D$7:$D$106,F11,Challenges!$F$7:$F$106,"Challenger")+COUNTIFS(Challenges!$E$7:$E$106,F11,Challenges!$F$7:$F$106,"Defender")) -> 0 | H11: =IF(F11="","",COUNTIFS(Challenges!$D$7:$D$106,F11,Challenges!$F$7:$F$106,"Defender")+COUNTIFS(Challenges!$E$7:$E$106,F11,Challenges!$F$7:$F$106,"Challenger")) -> 0 | I11: =IF(F11="","",MATCH(F11,$C$7:$C$26,0)-E11) -> -1
B12: 6 | C12: Jonas | E12: =IF(F12="","",6) -> 6 | F12: =IFERROR(INDEX(Engine!$B$7:$B$26,MATCH(6,Engine!$CY$7:$CY$26,0)),"") -> Oscar | G12: =IF(F12="","",COUNTIFS(Challenges!$D$7:$D$106,F12,Challenges!$F$7:$F$106,"Challenger")+COUNTIFS(Challenges!$E$7:$E$106,F12,Challenges!$F$7:$F$106,"Defender")) -> 1 | H12: =IF(F12="","",COUNTIFS(Challenges!$D$7:$D$106,F12,Challenges!$F$7:$F$106,"Defender")+COUNTIFS(Challenges!$E$7:$E$106,F12,Challenges!$F$7:$F$106,"Challenger")) -> 0 | I12: =IF(F12="","",MATCH(F12,$C$7:$C$26,0)-E12) -> 4
B13: 7 | C13: Leah | E13: =IF(F13="","",7) -> 7 | F13: =IFERROR(INDEX(Engine!$B$7:$B$26,MATCH(7,Engine!$CY$7:$CY$26,0)),"") -> Jonas | G13: =IF(F13="","",COUNTIFS(Challenges!$D$7:$D$106,F13,Challenges!$F$7:$F$106,"Challenger")+COUNTIFS(Challenges!$E$7:$E$106,F13,Challenges!$F$7:$F$106,"Defender")) -> 0 | H13: =IF(F13="","",COUNTIFS(Challenges!$D$7:$D$106,F13,Challenges!$F$7:$F$106,"Defender")+COUNTIFS(Challenges!$E$7:$E$106,F13,Challenges!$F$7:$F$106,"Challenger")) -> 1 | I13: =IF(F13="","",MATCH(F13,$C$7:$C$26,0)-E13) -> -1
B14: 8 | C14: Mateo | E14: =IF(F14="","",8) -> 8 | F14: =IFERROR(INDEX(Engine!$B$7:$B$26,MATCH(8,Engine!$CY$7:$CY$26,0)),"") -> Leah | G14: =IF(F14="","",COUNTIFS(Challenges!$D$7:$D$106,F14,Challenges!$F$7:$F$106,"Challenger")+COUNTIFS(Challenges!$E$7:$E$106,F14,Challenges!$F$7:$F$106,"Defender")) -> 1 | H14: =IF(F14="","",COUNTIFS(Challenges!$D$7:$D$106,F14,Challenges!$F$7:$F$106,"Defender")+COUNTIFS(Challenges!$E$7:$E$106,F14,Challenges!$F$7:$F$106,"Challenger")) -> 0 | I14: =IF(F14="","",MATCH(F14,$C$7:$C$26,0)-E14) -> -1
B15: 9 | C15: Nina | E15: =IF(F15="","",9) -> 9 | F15: =IFERROR(INDEX(Engine!$B$7:$B$26,MATCH(9,Engine!$CY$7:$CY$26,0)),"") -> Mateo | G15: =IF(F15="","",COUNTIFS(Challenges!$D$7:$D$106,F15,Challenges!$F$7:$F$106,"Challenger")+COUNTIFS(Challenges!$E$7:$E$106,F15,Challenges!$F$7:$F$106,"Defender")) -> 0 | H15: =IF(F15="","",COUNTIFS(Challenges!$D$7:$D$106,F15,Challenges!$F$7:$F$106,"Defender")+COUNTIFS(Challenges!$E$7:$E$106,F15,Challenges!$F$7:$F$106,"Challenger")) -> 1 | I15: =IF(F15="","",MATCH(F15,$C$7:$C$26,0)-E15) -> -1
B16: 10 | C16: Oscar | E16: =IF(F16="","",10) -> 10 | F16: =IFERROR(INDEX(Engine!$B$7:$B$26,MATCH(10,Engine!$CY$7:$CY$26,0)),"") -> Nina | G16: =IF(F16="","",COUNTIFS(Challenges!$D$7:$D$106,F16,Challenges!$F$7:$F$106,"Challenger")+COUNTIFS(Challenges!$E$7:$E$106,F16,Challenges!$F$7:$F$106,"Defender")) -> 0 | H16: =IF(F16="","",COUNTIFS(Challenges!$D$7:$D$106,F16,Challenges!$F$7:$F$106,"Defender")+COUNTIFS(Challenges!$E$7:$E$106,F16,Challenges!$F$7:$F$106,"Challenger")) -> 0 | I16: =IF(F16="","",MATCH(F16,$C$7:$C$26,0)-E16) -> -1
B17: 11 | E17: =IF(F17="","",11) | F17: =IFERROR(INDEX(Engine!$B$7:$B$26,MATCH(11,Engine!$CY$7:$CY$26,0)),"") | G17: =IF(F17="","",COUNTIFS(Challenges!$D$7:$D$106,F17,Challenges!$F$7:$F$106,"Challenger")+COUNTIFS(Challenges!$E$7:$E$106,F17,Challenges!$F$7:$F$106,"Defender")) | H17: =IF(F17="","",COUNTIFS(Challenges!$D$7:$D$106,F17,Challenges!$F$7:$F$106,"Defender")+COUNTIFS(Challenges!$E$7:$E$106,F17,Challenges!$F$7:$F$106,"Challenger")) | I17: =IF(F17="","",MATCH(F17,$C$7:$C$26,0)-E17)
